<?xml version="1.0" encoding="ISO-8859-1"?><root><vTaxOrder><ordclarecid>98</ordclarecid><ordname>LICEIDA</ordname><ordrecid>571</ordrecid></vTaxOrder><vTaxOrder><ordclarecid>98</ordclarecid><ordname>LICEIDA</ordname><ordrecid>571</ordrecid></vTaxOrder><vTaxOrder><ordclarecid>98</ordclarecid><ordname>LICEIDA</ordname><ordrecid>571</ordrecid></vTaxOrder><vTaxOrder><ordclarecid>98</ordclarecid><ordname>LICEIDA</ordname><ordrecid>571</ordrecid></vTaxOrder><vTaxOrder><ordclarecid>98</ordclarecid><ordname>LICEIDA</ordname><ordrecid>571</ordrecid></vTaxOrder><vTaxOrder><ordclarecid>98</ordclarecid><ordname>LICEIDA</ordname><ordrecid>571</ordrecid></vTaxOrder><vTaxOrder><ordclarecid>98</ordclarecid><ordname>LICEIDA</ordname><ordrecid>571</ordrecid></vTaxOrder><vTaxOrder><ordclarecid>98</ordclarecid><ordname>LICEIDA</ordname><ordrecid>571</ordrecid></vTaxOrder><vTaxOrder><ordclarecid>98</ordclarecid><ordname>LICEIDA</ordname><ordrecid>571</ordrecid></vTaxOrder><vTaxOrder><ordclarecid>98</ordclarecid><ordname>LICEIDA</ordname><ordrecid>571</ordrecid></vTaxOrder><vTaxOrder><ordclarecid>98</ordclarecid><ordname>LICEIDA</ordname><ordrecid>571</ordrecid></vTaxOrder><vTaxOrder><ordclarecid>98</ordclarecid><ordname>LICEIDA</ordname><ordrecid>571</ordrecid></vTaxOrder><vTaxOrder><ordclarecid>98</ordclarecid><ordname>LICEIDA</ordname><ordrecid>571</ordrecid></vTaxOrder><vTaxOrder><ordclarecid>98</ordclarecid><ordname>LICEIDA</ordname><ordrecid>571</ordrecid></vTaxOrder><vTaxOrder><ordclarecid>98</ordclarecid><ordname>LICEIDA</ordname><ordrecid>571</ordrecid></vTaxOrder><vTaxOrder><ordclarecid>98</ordclarecid><ordname>LICEIDA</ordname><ordrecid>571</ordrecid></vTaxOrder><vTaxOrder><ordclarecid>98</ordclarecid><ordname>LICEIDA</ordname><ordrecid>571</ordrecid></vTaxOrder><vTaxOrder><ordclarecid>98</ordclarecid><ordname>LICEIDA</ordname><ordrecid>571</ordrecid></vTaxOrder><vTaxOrder><ordclarecid>98</ordclarecid><ordname>LICEIDA</ordname><ordrecid>571</ordrecid></vTaxOrder><vTaxOrder><ordclarecid>98</ordclarecid><ordname>LICEIDA</ordname><ordrecid>571</ordrecid></vTaxOrder><vTaxOrder><ordclarecid>98</ordclarecid><ordname>LICEIDA</ordname><ordrecid>571</ordrecid></vTaxOrder><vTaxOrder><ordclarecid>98</ordclarecid><ordname>LICEIDA</ordname><ordrecid>571</ordrecid></vTaxOrder><vTaxOrder><ordclarecid>98</ordclarecid><ordname>LICEIDA</ordname><ordrecid>571</ordrecid></vTaxOrder><vTaxOrder><ordclarecid>98</ordclarecid><ordname>LICEIDA</ordname><ordrecid>571</ordrecid></vTaxOrder><vTaxOrder><ordclarecid>98</ordclarecid><ordname>LICEIDA</ordname><ordrecid>571</ordrecid></vTaxOrder><vTaxOrder><ordclarecid>98</ordclarecid><ordname>LICEIDA</ordname><ordrecid>571</ordrecid></vTaxOrder><vTaxOrder><ordclarecid>98</ordclarecid><ordname>LICEIDA</ordname><ordrecid>571</ordrecid></vTaxOrder><vTaxOrder><ordclarecid>98</ordclarecid><ordname>LICEIDA</ordname><ordrecid>571</ordrecid></vTaxOrder><vTaxOrder><ordclarecid>98</ordclarecid><ordname>LICEIDA</ordname><ordrecid>571</ordrecid></vTaxOrder><vTaxOrder><ordclarecid>98</ordclarecid><ordname>LICEIDA</ordname><ordrecid>571</ordrecid></vTaxOrder><vTaxOrder><ordclarecid>98</ordclarecid><ordname>LICEIDA</ordname><ordrecid>571</ordrecid></vTaxOrder><vTaxOrder><ordclarecid>98</ordclarecid><ordname>LICEIDA</ordname><ordrecid>571</ordrecid></vTaxOrder><vTaxOrder><ordclarecid>98</ordclarecid><ordname>LICEIDA</ordname><ordrecid>571</ordrecid></vTaxOrder><vTaxOrder><ordclarecid>98</ordclarecid><ordname>LICEIDA</ordname><ordrecid>571</ordrecid></vTaxOrder><vTaxOrder><ordclarecid>98</ordclarecid><ordname>LICEIDA</ordname><ordrecid>571</ordrecid></vTaxOrder><vTaxOrder><ordclarecid>98</ordclarecid><ordname>LICEIDA</ordname><ordrecid>571</ordrecid></vTaxOrder><vTaxOrder><ordclarecid>98</ordclarecid><ordname>LICEIDA</ordname><ordrecid>571</ordrecid></vTaxOrder><vTaxOrder><ordclarecid>98</ordclarecid><ordname>LICEIDA</ordname><ordrecid>571</ordrecid></vTaxOrder><vTaxOrder><ordclarecid>98</ordclarecid><ordname>LICEIDA</ordname><ordrecid>571</ordrecid></vTaxOrder><vTaxOrder><ordclarecid>98</ordclarecid><ordname>LICEIDA</ordname><ordrecid>571</ordrecid></vTaxOrder><vTaxOrder><ordclarecid>98</ordclarecid><ordname>LICEIDA</ordname><ordrecid>571</ordrecid></vTaxOrder><vTaxOrder><ordclarecid>98</ordclarecid><ordname>LICEIDA</ordname><ordrecid>571</ordrecid></vTaxOrder><vTaxOrder><ordclarecid>98</ordclarecid><ordname>LICEIDA</ordname><ordrecid>571</ordrecid></vTaxOrder><vTaxOrder><ordclarecid>98</ordclarecid><ordname>LICEIDA</ordname><ordrecid>571</ordrecid></vTaxOrder><vTaxOrder><ordclarecid>98</ordclarecid><ordname>LICEIDA</ordname><ordrecid>571</ordrecid></vTaxOrder><vTaxOrder><ordclarecid>98</ordclarecid><ordname>LICEIDA</ordname><ordrecid>571</ordrecid></vTaxOrder><vTaxOrder><ordclarecid>98</ordclarecid><ordname>LICEIDA</ordname><ordrecid>571</ordrecid></vTaxOrder><vTaxOrder><ordclarecid>98</ordclarecid><ordname>LICEIDA</ordname><ordrecid>571</ordrecid></vTaxOrder><vTaxOrder><ordclarecid>98</ordclarecid><ordname>LICEIDA</ordname><ordrecid>571</ordrecid></vTaxOrder><vTaxOrder><ordclarecid>98</ordclarecid><ordname>LICEIDA</ordname><ordrecid>571</ordrecid></vTaxOrder><vTaxOrder><ordclarecid>98</ordclarecid><ordname>LICEIDA</ordname><ordrecid>571</ordrecid></vTaxOrder><vTaxOrder><ordclarecid>98</ordclarecid><ordname>LICEIDA</ordname><ordrecid>571</ordrecid></vTaxOrder><vTaxOrder><ordclarecid>98</ordclarecid><ordname>LICEIDA</ordname><ordrecid>571</ordrecid></vTaxOrder><vTaxOrder><ordclarecid>98</ordclarecid><ordname>LICEIDA</ordname><ordrecid>571</ordrecid></vTaxOrder><vTaxOrder><ordclarecid>98</ordclarecid><ordname>LICEIDA</ordname><ordrecid>571</ordrecid></vTaxOrder><vTaxOrder><ordclarecid>98</ordclarecid><ordname>LICEIDA</ordname><ordrecid>571</ordrecid></vTaxOrder><vTaxOrder><ordclarecid>98</ordclarecid><ordname>LICEIDA</ordname><ordrecid>571</ordrecid></vTaxOrder><vTaxOrder><ordclarecid>98</ordclarecid><ordname>LICEIDA</ordname><ordrecid>571</ordrecid></vTaxOrder><vTaxOrder><ordclarecid>98</ordclarecid><ordname>LICEIDA</ordname><ordrecid>571</ordrecid></vTaxOrder><vTaxOrder><ordclarecid>98</ordclarecid><ordname>LICEIDA</ordname><ordrecid>571</ordrecid></vTaxOrder><vTaxOrder><ordclarecid>98</ordclarecid><ordname>LICEIDA</ordname><ordrecid>571</ordrecid></vTaxOrder><vTaxOrder><ordclarecid>98</ordclarecid><ordname>LICEIDA</ordname><ordrecid>571</ordrecid></vTaxOrder><vTaxOrder><ordclarecid>98</ordclarecid><ordname>LICEIDA</ordname><ordrecid>571</ordrecid></vTaxOrder><vTaxOrder><ordclarecid>98</ordclarecid><ordname>LICEIDA</ordname><ordrecid>571</ordrecid></vTaxOrder><vTaxOrder><ordclarecid>98</ordclarecid><ordname>LICEIDA</ordname><ordrecid>571</ordrecid></vTaxOrder><vTaxOrder><ordclarecid>98</ordclarecid><ordname>LICEIDA</ordname><ordrecid>571</ordrecid></vTaxOrder><vTaxOrder><ordclarecid>98</ordclarecid><ordname>LICEIDA</ordname><ordrecid>571</ordrecid></vTaxOrder><vTaxOrder><ordclarecid>98</ordclarecid><ordname>LICEIDA</ordname><ordrecid>571</ordrecid></vTaxOrder><vTaxOrder><ordclarecid>98</ordclarecid><ordname>LICEIDA</ordname><ordrecid>571</ordrecid></vTaxOrder><vTaxOrder><ordclarecid>98</ordclarecid><ordname>LICEIDA</ordname><ordrecid>571</ordrecid></vTaxOrder><vTaxOrder><ordclarecid>98</ordclarecid><ordname>LICEIDA</ordname><ordrecid>571</ordrecid></vTaxOrder><vTaxOrder><ordclarecid>98</ordclarecid><ordname>LICEIDA</ordname><ordrecid>571</ordrecid></vTaxOrder><vTaxOrder><ordclarecid>98</ordclarecid><ordname>LICEIDA</ordname><ordrecid>571</ordrecid></vTaxOrder><vTaxOrder><ordclarecid>98</ordclarecid><ordname>LICEIDA</ordname><ordrecid>571</ordrecid></vTaxOrder><vTaxOrder><ordclarecid>98</ordclarecid><ordname>LICEIDA</ordname><ordrecid>571</ordrecid></vTaxOrder><vTaxOrder><ordclarecid>98</ordclarecid><ordname>LICEIDA</ordname><ordrecid>571</ordrecid></vTaxOrder><vTaxOrder><ordclarecid>98</ordclarecid><ordname>LICEIDA</ordname><ordrecid>571</ordrecid></vTaxOrder><vTaxOrder><ordclarecid>98</ordclarecid><ordname>LICEIDA</ordname><ordrecid>571</ordrecid></vTaxOrder><vTaxOrder><ordclarecid>98</ordclarecid><ordname>LICEIDA</ordname><ordrecid>571</ordrecid></vTaxOrder><vTaxOrder><ordclarecid>98</ordclarecid><ordname>LICEIDA</ordname><ordrecid>571</ordrecid></vTaxOrder><vTaxOrder><ordclarecid>98</ordclarecid><ordname>LICEIDA</ordname><ordrecid>571</ordrecid></vTaxOrder><vTaxOrder><ordclarecid>98</ordclarecid><ordname>LICEIDA</ordname><ordrecid>571</ordrecid></vTaxOrder><vTaxOrder><ordclarecid>98</ordclarecid><ordname>LICEIDA</ordname><ordrecid>571</ordrecid></vTaxOrder><vTaxOrder><ordclarecid>98</ordclarecid><ordname>LICEIDA</ordname><ordrecid>571</ordrecid></vTaxOrder><vTaxOrder><ordclarecid>98</ordclarecid><ordname>LICEIDA</ordname><ordrecid>571</ordrecid></vTaxOrder><vTaxOrder><ordclarecid>98</ordclarecid><ordname>LICEIDA</ordname><ordrecid>571</ordrecid></vTaxOrder><vTaxOrder><ordclarecid>98</ordclarecid><ordname>LICEIDA</ordname><ordrecid>571</ordrecid></vTaxOrder><vTaxOrder><ordclarecid>98</ordclarecid><ordname>LICEIDA</ordname><ordrecid>571</ordrecid></vTaxOrder><vTaxOrder><ordclarecid>98</ordclarecid><ordname>LICEIDA</ordname><ordrecid>571</ordrecid></vTaxOrder><vTaxOrder><ordclarecid>98</ordclarecid><ordname>LICEIDA</ordname><ordrecid>571</ordrecid></vTaxOrder><vTaxOrder><ordclarecid>98</ordclarecid><ordname>LICEIDA</ordname><ordrecid>571</ordrecid></vTaxOrder><vTaxOrder><ordclarecid>98</ordclarecid><ordname>LICEIDA</ordname><ordrecid>571</ordrecid></vTaxOrder><vTaxOrder><ordclarecid>98</ordclarecid><ordname>LICEIDA</ordname><ordrecid>571</ordrecid></vTaxOrder><vTaxOrder><ordclarecid>98</ordclarecid><ordname>LICEIDA</ordname><ordrecid>571</ordrecid></vTaxOrder><vTaxOrder><ordclarecid>98</ordclarecid><ordname>LICEIDA</ordname><ordrecid>571</ordrecid></vTaxOrder><vTaxOrder><ordclarecid>98</ordclarecid><ordname>LICEIDA</ordname><ordrecid>571</ordrecid></vTaxOrder><vTaxOrder><ordclarecid>98</ordclarecid><ordname>LICEIDA</ordname><ordrecid>571</ordrecid></vTaxOrder><vTaxOrder><ordclarecid>98</ordclarecid><ordname>LICEIDA</ordname><ordrecid>571</ordrecid></vTaxOrder><vTaxOrder><ordclarecid>98</ordclarecid><ordname>LICEIDA</ordname><ordrecid>571</ordrecid></vTaxOrder><vTaxOrder><ordclarecid>98</ordclarecid><ordname>LICEIDA</ordname><ordrecid>571</ordrecid></vTaxOrder><vTaxOrder><ordclarecid>98</ordclarecid><ordname>LICEIDA</ordname><ordrecid>571</ordrecid></vTaxOrder><vTaxOrder><ordclarecid>98</ordclarecid><ordname>LICEIDA</ordname><ordrecid>571</ordrecid></vTaxOrder><vTaxOrder><ordclarecid>98</ordclarecid><ordname>LICEIDA</ordname><ordrecid>571</ordrecid></vTaxOrder><vTaxOrder><ordclarecid>98</ordclarecid><ordname>LICEIDA</ordname><ordrecid>571</ordrecid></vTaxOrder><vTaxOrder><ordclarecid>98</ordclarecid><ordname>LICEIDA</ordname><ordrecid>571</ordrecid></vTaxOrder><vTaxOrder><ordclarecid>98</ordclarecid><ordname>LICEIDA</ordname><ordrecid>571</ordrecid></vTaxOrder><vTaxOrder><ordclarecid>98</ordclarecid><ordname>LICEIDA</ordname><ordrecid>571</ordrecid></vTaxOrder><vTaxOrder><ordclarecid>98</ordclarecid><ordname>LICEIDA</ordname><ordrecid>571</ordrecid></vTaxOrder><vTaxOrder><ordclarecid>98</ordclarecid><ordname>LICEIDA</ordname><ordrecid>571</ordrecid></vTaxOrder><vTaxOrder><ordclarecid>98</ordclarecid><ordname>LICEIDA</ordname><ordrecid>571</ordrecid></vTaxOrder><vTaxOrder><ordclarecid>98</ordclarecid><ordname>LICEIDA</ordname><ordrecid>571</ordrecid></vTaxOrder><vTaxOrder><ordclarecid>98</ordclarecid><ordname>LICEIDA</ordname><ordrecid>571</ordrecid></vTaxOrder><vTaxOrder><ordclarecid>98</ordclarecid><ordname>LICEIDA</ordname><ordrecid>571</ordrecid></vTaxOrder><vTaxOrder><ordclarecid>98</ordclarecid><ordname>LICEIDA</ordname><ordrecid>571</ordrecid></vTaxOrder><vTaxOrder><ordclarecid>98</ordclarecid><ordname>LICEIDA</ordname><ordrecid>571</ordrecid></vTaxOrder><vTaxOrder><ordclarecid>98</ordclarecid><ordname>LICEIDA</ordname><ordrecid>571</ordrecid></vTaxOrder><vTaxOrder><ordclarecid>98</ordclarecid><ordname>LICEIDA</ordname><ordrecid>571</ordrecid></vTaxOrder><vTaxOrder><ordclarecid>98</ordclarecid><ordname>LICEIDA</ordname><ordrecid>571</ordrecid></vTaxOrder><vTaxOrder><ordclarecid>98</ordclarecid><ordname>LICEIDA</ordname><ordrecid>571</ordrecid></vTaxOrder><vTaxOrder><ordclarecid>98</ordclarecid><ordname>LICEIDA</ordname><ordrecid>571</ordrecid></vTaxOrder><vTaxOrder><ordclarecid>98</ordclarecid><ordname>LICEIDA</ordname><ordrecid>571</ordrecid></vTaxOrder><vTaxOrder><ordclarecid>98</ordclarecid><ordname>LICEIDA</ordname><ordrecid>571</ordrecid></vTaxOrder><vTaxOrder><ordclarecid>98</ordclarecid><ordname>LICEIDA</ordname><ordrecid>571</ordrecid></vTaxOrder><vTaxOrder><ordclarecid>98</ordclarecid><ordname>LICEIDA</ordname><ordrecid>571</ordrecid></vTaxOrder><vTaxOrder><ordclarecid>98</ordclarecid><ordname>LICEIDA</ordname><ordrecid>571</ordrecid></vTaxOrder><vTaxOrder><ordclarecid>98</ordclarecid><ordname>LICEIDA</ordname><ordrecid>571</ordrecid></vTaxOrder><vTaxOrder><ordclarecid>98</ordclarecid><ordname>LICEIDA</ordname><ordrecid>571</ordrecid></vTaxOrder><vTaxOrder><ordclarecid>98</ordclarecid><ordname>LICEIDA</ordname><ordrecid>571</ordrecid></vTaxOrder><vTaxOrder><ordclarecid>98</ordclarecid><ordname>LICEIDA</ordname><ordrecid>571</ordrecid></vTaxOrder><vTaxOrder><ordclarecid>98</ordclarecid><ordname>LICEIDA</ordname><ordrecid>571</ordrecid></vTaxOrder><vTaxOrder><ordclarecid>98</ordclarecid><ordname>LICEIDA</ordname><ordrecid>571</ordrecid></vTaxOrder><vTaxOrder><ordclarecid>98</ordclarecid><ordname>LICEIDA</ordname><ordrecid>571</ordrecid></vTaxOrder><vTaxOrder><ordclarecid>98</ordclarecid><ordname>LICEIDA</ordname><ordrecid>571</ordrecid></vTaxOrder><vTaxOrder><ordclarecid>98</ordclarecid><ordname>LICEIDA</ordname><ordrecid>571</ordrecid></vTaxOrder><vTaxOrder><ordclarecid>98</ordclarecid><ordname>LICEIDA</ordname><ordrecid>571</ordrecid></vTaxOrder><vTaxOrder><ordclarecid>98</ordclarecid><ordname>LICEIDA</ordname><ordrecid>571</ordrecid></vTaxOrder><vTaxOrder><ordclarecid>98</ordclarecid><ordname>LICEIDA</ordname><ordrecid>571</ordrecid></vTaxOrder><vTaxOrder><ordclarecid>98</ordclarecid><ordname>LICEIDA</ordname><ordrecid>571</ordrecid></vTaxOrder><vTaxOrder><ordclarecid>98</ordclarecid><ordname>LICEIDA</ordname><ordrecid>571</ordrecid></vTaxOrder><vTaxOrder><ordclarecid>98</ordclarecid><ordname>LICEIDA</ordname><ordrecid>571</ordrecid></vTaxOrder><vTaxOrder><ordclarecid>98</ordclarecid><ordname>LICEIDA</ordname><ordrecid>571</ordrecid></vTaxOrder><vTaxOrder><ordclarecid>98</ordclarecid><ordname>LICEIDA</ordname><ordrecid>571</ordrecid></vTaxOrder><vTaxOrder><ordclarecid>98</ordclarecid><ordname>LICEIDA</ordname><ordrecid>571</ordrecid></vTaxOrder><vTaxOrder><ordclarecid>98</ordclarecid><ordname>LICEIDA</ordname><ordrecid>571</ordrecid></vTaxOrder><vTaxOrder><ordclarecid>98</ordclarecid><ordname>LICEIDA</ordname><ordrecid>571</ordrecid></vTaxOrder><vTaxOrder><ordclarecid>98</ordclarecid><ordname>LICEIDA</ordname><ordrecid>571</ordrecid></vTaxOrder><vTaxOrder><ordclarecid>98</ordclarecid><ordname>LICEIDA</ordname><ordrecid>571</ordrecid></vTaxOrder><vTaxOrder><ordclarecid>98</ordclarecid><ordname>LICEIDA</ordname><ordrecid>571</ordrecid></vTaxOrder><vTaxOrder><ordclarecid>98</ordclarecid><ordname>LICEIDA</ordname><ordrecid>571</ordrecid></vTaxOrder><vTaxOrder><ordclarecid>98</ordclarecid><ordname>LICEIDA</ordname><ordrecid>571</ordrecid></vTaxOrder><vTaxOrder><ordclarecid>98</ordclarecid><ordname>LICEIDA</ordname><ordrecid>571</ordrecid></vTaxOrder><vTaxOrder><ordclarecid>98</ordclarecid><ordname>LICEIDA</ordname><ordrecid>571</ordrecid></vTaxOrder><vTaxOrder><ordclarecid>98</ordclarecid><ordname>LICEIDA</ordname><ordrecid>571</ordrecid></vTaxOrder><vTaxOrder><ordclarecid>98</ordclarecid><ordname>LICEIDA</ordname><ordrecid>571</ordrecid></vTaxOrder><vTaxOrder><ordclarecid>98</ordclarecid><ordname>LICEIDA</ordname><ordrecid>571</ordrecid></vTaxOrder><vTaxOrder><ordclarecid>98</ordclarecid><ordname>LICEIDA</ordname><ordrecid>571</ordrecid></vTaxOrder><vTaxOrder><ordclarecid>98</ordclarecid><ordname>LICEIDA</ordname><ordrecid>571</ordrecid></vTaxOrder><vTaxOrder><ordclarecid>98</ordclarecid><ordname>LICEIDA</ordname><ordrecid>571</ordrecid></vTaxOrder><vTaxOrder><ordclarecid>98</ordclarecid><ordname>LICEIDA</ordname><ordrecid>571</ordrecid></vTaxOrder><vTaxOrder><ordclarecid>98</ordclarecid><ordname>LICEIDA</ordname><ordrecid>571</ordrecid></vTaxOrder><vTaxOrder><ordclarecid>98</ordclarecid><ordname>LICEIDA</ordname><ordrecid>571</ordrecid></vTaxOrder><vTaxOrder><ordclarecid>98</ordclarecid><ordname>LICEIDA</ordname><ordrecid>571</ordrecid></vTaxOrder><vTaxOrder><ordclarecid>98</ordclarecid><ordname>LICEIDA</ordname><ordrecid>571</ordrecid></vTaxOrder><vTaxOrder><ordclarecid>98</ordclarecid><ordname>LICEIDA</ordname><ordrecid>571</ordrecid></vTaxOrder><vTaxOrder><ordclarecid>98</ordclarecid><ordname>LICEIDA</ordname><ordrecid>571</ordrecid></vTaxOrder><vTaxOrder><ordclarecid>98</ordclarecid><ordname>LICEIDA</ordname><ordrecid>571</ordrecid></vTaxOrder><vTaxOrder><ordclarecid>98</ordclarecid><ordname>LICEIDA</ordname><ordrecid>571</ordrecid></vTaxOrder><vTaxOrder><ordclarecid>98</ordclarecid><ordname>LICEIDA</ordname><ordrecid>571</ordrecid></vTaxOrder><vTaxOrder><ordclarecid>98</ordclarecid><ordname>LICEIDA</ordname><ordrecid>571</ordrecid></vTaxOrder><vTaxOrder><ordclarecid>98</ordclarecid><ordname>LICEIDA</ordname><ordrecid>571</ordrecid></vTaxOrder><vTaxOrder><ordclarecid>98</ordclarecid><ordname>LICEIDA</ordname><ordrecid>571</ordrecid></vTaxOrder><vTaxOrder><ordclarecid>98</ordclarecid><ordname>LICEIDA</ordname><ordrecid>571</ordrecid></vTaxOrder><vTaxOrder><ordclarecid>98</ordclarecid><ordname>LICEIDA</ordname><ordrecid>571</ordrecid></vTaxOrder><vTaxOrder><ordclarecid>98</ordclarecid><ordname>LICEIDA</ordname><ordrecid>571</ordrecid></vTaxOrder><vTaxOrder><ordclarecid>98</ordclarecid><ordname>LICEIDA</ordname><ordrecid>571</ordrecid></vTaxOrder><vTaxOrder><ordclarecid>98</ordclarecid><ordname>LICEIDA</ordname><ordrecid>571</ordrecid></vTaxOrder><vTaxOrder><ordclarecid>98</ordclarecid><ordname>LICEIDA</ordname><ordrecid>571</ordrecid></vTaxOrder><vTaxOrder><ordclarecid>98</ordclarecid><ordname>LICEIDA</ordname><ordrecid>571</ordrecid></vTaxOrder><vTaxOrder><ordclarecid>98</ordclarecid><ordname>LICEIDA</ordname><ordrecid>571</ordrecid></vTaxOrder><vTaxOrder><ordclarecid>98</ordclarecid><ordname>LICEIDA</ordname><ordrecid>571</ordrecid></vTaxOrder><vTaxOrder><ordclarecid>98</ordclarecid><ordname>LICEIDA</ordname><ordrecid>571</ordrecid></vTaxOrder><vTaxOrder><ordclarecid>98</ordclarecid><ordname>LICEIDA</ordname><ordrecid>571</ordrecid></vTaxOrder><vTaxOrder><ordclarecid>98</ordclarecid><ordname>LICEIDA</ordname><ordrecid>571</ordrecid></vTaxOrder><vTaxOrder><ordclarecid>98</ordclarecid><ordname>LICEIDA</ordname><ordrecid>571</ordrecid></vTaxOrder><vTaxOrder><ordclarecid>98</ordclarecid><ordname>LICEIDA</ordname><ordrecid>571</ordrecid></vTaxOrder><vTaxOrder><ordclarecid>98</ordclarecid><ordname>LICEIDA</ordname><ordrecid>571</ordrecid></vTaxOrder><vTaxOrder><ordclarecid>98</ordclarecid><ordname>LICEIDA</ordname><ordrecid>571</ordrecid></vTaxOrder><vTaxOrder><ordclarecid>98</ordclarecid><ordname>LICEIDA</ordname><ordrecid>571</ordrecid></vTaxOrder><vTaxOrder><ordclarecid>98</ordclarecid><ordname>LICEIDA</ordname><ordrecid>571</ordrecid></vTaxOrder><vTaxOrder><ordclarecid>98</ordclarecid><ordname>LICEIDA</ordname><ordrecid>571</ordrecid></vTaxOrder><vTaxOrder><ordclarecid>98</ordclarecid><ordname>LICEIDA</ordname><ordrecid>571</ordrecid></vTaxOrder><vTaxOrder><ordclarecid>98</ordclarecid><ordname>LICEIDA</ordname><ordrecid>571</ordrecid></vTaxOrder><vTaxOrder><ordclarecid>98</ordclarecid><ordname>LICEIDA</ordname><ordrecid>571</ordrecid></vTaxOrder><vTaxOrder><ordclarecid>98</ordclarecid><ordname>LICEIDA</ordname><ordrecid>571</ordrecid></vTaxOrder><vTaxOrder><ordclarecid>98</ordclarecid><ordname>LICEIDA</ordname><ordrecid>571</ordrecid></vTaxOrder><vTaxOrder><ordclarecid>98</ordclarecid><ordname>LICEIDA</ordname><ordrecid>571</ordrecid></vTaxOrder><vTaxOrder><ordclarecid>98</ordclarecid><ordname>LICEIDA</ordname><ordrecid>571</ordrecid></vTaxOrder><vTaxOrder><ordclarecid>98</ordclarecid><ordname>LICEIDA</ordname><ordrecid>571</ordrecid></vTaxOrder><vTaxOrder><ordclarecid>98</ordclarecid><ordname>LICEIDA</ordname><ordrecid>571</ordrecid></vTaxOrder><vTaxOrder><ordclarecid>98</ordclarecid><ordname>LICEIDA</ordname><ordrecid>571</ordrecid></vTaxOrder><vTaxOrder><ordclarecid>98</ordclarecid><ordname>LICEIDA</ordname><ordrecid>571</ordrecid></vTaxOrder><vTaxOrder><ordclarecid>98</ordclarecid><ordname>LICEIDA</ordname><ordrecid>571</ordrecid></vTaxOrder><vTaxOrder><ordclarecid>98</ordclarecid><ordname>LICEIDA</ordname><ordrecid>571</ordrecid></vTaxOrder><vTaxOrder><ordclarecid>98</ordclarecid><ordname>LICEIDA</ordname><ordrecid>571</ordrecid></vTaxOrder><vTaxOrder><ordclarecid>98</ordclarecid><ordname>LICEIDA</ordname><ordrecid>571</ordrecid></vTaxOrder><vTaxOrder><ordclarecid>98</ordclarecid><ordname>LICEIDA</ordname><ordrecid>571</ordrecid></vTaxOrder><vTaxOrder><ordclarecid>98</ordclarecid><ordname>LICEIDA</ordname><ordrecid>571</ordrecid></vTaxOrder><vTaxOrder><ordclarecid>98</ordclarecid><ordname>LICEIDA</ordname><ordrecid>571</ordrecid></vTaxOrder><vTaxOrder><ordclarecid>98</ordclarecid><ordname>LICEIDA</ordname><ordrecid>571</ordrecid></vTaxOrder><vTaxOrder><ordclarecid>98</ordclarecid><ordname>LICEIDA</ordname><ordrecid>571</ordrecid></vTaxOrder><vTaxOrder><ordclarecid>98</ordclarecid><ordname>LICEIDA</ordname><ordrecid>571</ordrecid></vTaxOrder><vTaxOrder><ordclarecid>98</ordclarecid><ordname>LICEIDA</ordname><ordrecid>571</ordrecid></vTaxOrder><vTaxOrder><ordclarecid>98</ordclarecid><ordname>LICEIDA</ordname><ordrecid>571</ordrecid></vTaxOrder><vTaxOrder><ordclarecid>98</ordclarecid><ordname>LICEIDA</ordname><ordrecid>571</ordrecid></vTaxOrder><vTaxOrder><ordclarecid>98</ordclarecid><ordname>LICEIDA</ordname><ordrecid>571</ordrecid></vTaxOrder><vTaxOrder><ordclarecid>98</ordclarecid><ordname>LICEIDA</ordname><ordrecid>571</ordrecid></vTaxOrder><vTaxOrder><ordclarecid>98</ordclarecid><ordname>LICEIDA</ordname><ordrecid>571</ordrecid></vTaxOrder><vTaxOrder><ordclarecid>98</ordclarecid><ordname>LICEIDA</ordname><ordrecid>571</ordrecid></vTaxOrder><vTaxOrder><ordclarecid>98</ordclarecid><ordname>LICEIDA</ordname><ordrecid>571</ordrecid></vTaxOrder><vTaxOrder><ordclarecid>98</ordclarecid><ordname>LICEIDA</ordname><ordrecid>571</ordrecid></vTaxOrder><vTaxOrder><ordclarecid>98</ordclarecid><ordname>LICEIDA</ordname><ordrecid>571</ordrecid></vTaxOrder><vTaxOrder><ordclarecid>98</ordclarecid><ordname>LICEIDA</ordname><ordrecid>571</ordrecid></vTaxOrder><vTaxOrder><ordclarecid>98</ordclarecid><ordname>LICEIDA</ordname><ordrecid>571</ordrecid></vTaxOrder><vTaxOrder><ordclarecid>98</ordclarecid><ordname>LICEIDA</ordname><ordrecid>571</ordrecid></vTaxOrder><vTaxOrder><ordclarecid>98</ordclarecid><ordname>LICEIDA</ordname><ordrecid>571</ordrecid></vTaxOrder><vTaxOrder><ordclarecid>98</ordclarecid><ordname>LICEIDA</ordname><ordrecid>571</ordrecid></vTaxOrder><vTaxOrder><ordclarecid>98</ordclarecid><ordname>LICEIDA</ordname><ordrecid>571</ordrecid></vTaxOrder><vTaxOrder><ordclarecid>98</ordclarecid><ordname>LICEIDA</ordname><ordrecid>571</ordrecid></vTaxOrder><vTaxOrder><ordclarecid>98</ordclarecid><ordname>LICEIDA</ordname><ordrecid>571</ordrecid></vTaxOrder><vTaxOrder><ordclarecid>98</ordclarecid><ordname>LICEIDA</ordname><ordrecid>571</ordrecid></vTaxOrder><vTaxOrder><ordclarecid>98</ordclarecid><ordname>LICEIDA</ordname><ordrecid>571</ordrecid></vTaxOrder><vTaxOrder><ordclarecid>98</ordclarecid><ordname>LICEIDA</ordname><ordrecid>571</ordrecid></vTaxOrder><vTaxOrder><ordclarecid>98</ordclarecid><ordname>LICEIDA</ordname><ordrecid>571</ordrecid></vTaxOrder><vTaxOrder><ordclarecid>98</ordclarecid><ordname>LICEIDA</ordname><ordrecid>571</ordrecid></vTaxOrder><vTaxOrder><ordclarecid>98</ordclarecid><ordname>LICEIDA</ordname><ordrecid>571</ordrecid></vTaxOrder><vTaxOrder><ordclarecid>98</ordclarecid><ordname>LICEIDA</ordname><ordrecid>571</ordrecid></vTaxOrder><vTaxOrder><ordclarecid>98</ordclarecid><ordname>LICEIDA</ordname><ordrecid>571</ordrecid></vTaxOrder><vTaxOrder><ordclarecid>98</ordclarecid><ordname>LICEIDA</ordname><ordrecid>571</ordrecid></vTaxOrder><vTaxOrder><ordclarecid>98</ordclarecid><ordname>LICEIDA</ordname><ordrecid>571</ordrecid></vTaxOrder><vTaxOrder><ordclarecid>98</ordclarecid><ordname>LICEIDA</ordname><ordrecid>571</ordrecid></vTaxOrder><vTaxOrder><ordclarecid>98</ordclarecid><ordname>LICEIDA</ordname><ordrecid>571</ordrecid></vTaxOrder><vTaxOrder><ordclarecid>98</ordclarecid><ordname>LICEIDA</ordname><ordrecid>571</ordrecid></vTaxOrder><vTaxOrder><ordclarecid>98</ordclarecid><ordname>LICEIDA</ordname><ordrecid>571</ordrecid></vTaxOrder><vTaxOrder><ordclarecid>98</ordclarecid><ordname>LICEIDA</ordname><ordrecid>571</ordrecid></vTaxOrder><vTaxOrder><ordclarecid>98</ordclarecid><ordname>LICEIDA</ordname><ordrecid>571</ordrecid></vTaxOrder><vTaxOrder><ordclarecid>98</ordclarecid><ordname>LICEIDA</ordname><ordrecid>571</ordrecid></vTaxOrder><vTaxOrder><ordclarecid>98</ordclarecid><ordname>LICEIDA</ordname><ordrecid>571</ordrecid></vTaxOrder><vTaxOrder><ordclarecid>98</ordclarecid><ordname>LICEIDA</ordname><ordrecid>571</ordrecid></vTaxOrder><vTaxOrder><ordclarecid>98</ordclarecid><ordname>LICEIDA</ordname><ordrecid>571</ordrecid></vTaxOrder><vTaxOrder><ordclarecid>98</ordclarecid><ordname>LICEIDA</ordname><ordrecid>571</ordrecid></vTaxOrder><vTaxOrder><ordclarecid>98</ordclarecid><ordname>LICEIDA</ordname><ordrecid>571</ordrecid></vTaxOrder><vTaxOrder><ordclarecid>98</ordclarecid><ordname>LICEIDA</ordname><ordrecid>571</ordrecid></vTaxOrder><vTaxOrder><ordclarecid>98</ordclarecid><ordname>LICEIDA</ordname><ordrecid>571</ordrecid></vTaxOrder><vTaxOrder><ordclarecid>98</ordclarecid><ordname>LICEIDA</ordname><ordrecid>571</ordrecid></vTaxOrder><vTaxOrder><ordclarecid>98</ordclarecid><ordname>LICEIDA</ordname><ordrecid>571</ordrecid></vTaxOrder><vTaxOrder><ordclarecid>98</ordclarecid><ordname>LICEIDA</ordname><ordrecid>571</ordrecid></vTaxOrder><vTaxOrder><ordclarecid>98</ordclarecid><ordname>LICEIDA</ordname><ordrecid>571</ordrecid></vTaxOrder><vTaxOrder><ordclarecid>98</ordclarecid><ordname>LICEIDA</ordname><ordrecid>571</ordrecid></vTaxOrder><vTaxOrder><ordclarecid>98</ordclarecid><ordname>LICEIDA</ordname><ordrecid>571</ordrecid></vTaxOrder><vTaxOrder><ordclarecid>98</ordclarecid><ordname>LICEIDA</ordname><ordrecid>571</ordrecid></vTaxOrder><vTaxOrder><ordclarecid>98</ordclarecid><ordname>LICEIDA</ordname><ordrecid>571</ordrecid></vTaxOrder><vTaxOrder><ordclarecid>98</ordclarecid><ordname>LICEIDA</ordname><ordrecid>571</ordrecid></vTaxOrder><vTaxOrder><ordclarecid>98</ordclarecid><ordname>LICEIDA</ordname><ordrecid>571</ordrecid></vTaxOrder><vTaxOrder><ordclarecid>98</ordclarecid><ordname>LICEIDA</ordname><ordrecid>571</ordrecid></vTaxOrder><vTaxOrder><ordclarecid>98</ordclarecid><ordname>LICEIDA</ordname><ordrecid>571</ordrecid></vTaxOrder><vTaxOrder><ordclarecid>98</ordclarecid><ordname>LICEIDA</ordname><ordrecid>571</ordrecid></vTaxOrder><vTaxOrder><ordclarecid>98</ordclarecid><ordname>LICEIDA</ordname><ordrecid>571</ordrecid></vTaxOrder><vTaxOrder><ordclarecid>98</ordclarecid><ordname>LICEIDA</ordname><ordrecid>571</ordrecid></vTaxOrder><vTaxOrder><ordclarecid>98</ordclarecid><ordname>LICEIDA</ordname><ordrecid>571</ordrecid></vTaxOrder><vTaxOrder><ordclarecid>98</ordclarecid><ordname>LICEIDA</ordname><ordrecid>571</ordrecid></vTaxOrder><vTaxOrder><ordclarecid>98</ordclarecid><ordname>LICEIDA</ordname><ordrecid>571</ordrecid></vTaxOrder><vTaxOrder><ordclarecid>98</ordclarecid><ordname>LICEIDA</ordname><ordrecid>571</ordrecid></vTaxOrder><vTaxOrder><ordclarecid>98</ordclarecid><ordname>LICEIDA</ordname><ordrecid>571</ordrecid></vTaxOrder><vTaxOrder><ordclarecid>98</ordclarecid><ordname>LICEIDA</ordname><ordrecid>571</ordrecid></vTaxOrder><vTaxOrder><ordclarecid>98</ordclarecid><ordname>LICEIDA</ordname><ordrecid>571</ordrecid></vTaxOrder><vTaxOrder><ordclarecid>98</ordclarecid><ordname>LICEIDA</ordname><ordrecid>571</ordrecid></vTaxOrder><vTaxOrder><ordclarecid>98</ordclarecid><ordname>LICEIDA</ordname><ordrecid>571</ordrecid></vTaxOrder><vTaxOrder><ordclarecid>98</ordclarecid><ordname>LICEIDA</ordname><ordrecid>571</ordrecid></vTaxOrder><vTaxOrder><ordclarecid>98</ordclarecid><ordname>LICEIDA</ordname><ordrecid>571</ordrecid></vTaxOrder><vTaxOrder><ordclarecid>98</ordclarecid><ordname>LICEIDA</ordname><ordrecid>571</ordrecid></vTaxOrder><vTaxOrder><ordclarecid>98</ordclarecid><ordname>LICEIDA</ordname><ordrecid>571</ordrecid></vTaxOrder><vTaxOrder><ordclarecid>98</ordclarecid><ordname>LICEIDA</ordname><ordrecid>571</ordrecid></vTaxOrder><vTaxOrder><ordclarecid>98</ordclarecid><ordname>LICEIDA</ordname><ordrecid>571</ordrecid></vTaxOrder><vTaxOrder><ordclarecid>98</ordclarecid><ordname>LICEIDA</ordname><ordrecid>571</ordrecid></vTaxOrder><vTaxOrder><ordclarecid>98</ordclarecid><ordname>LICEIDA</ordname><ordrecid>571</ordrecid></vTaxOrder><vTaxOrder><ordclarecid>98</ordclarecid><ordname>LICEIDA</ordname><ordrecid>571</ordrecid></vTaxOrder><vTaxOrder><ordclarecid>98</ordclarecid><ordname>LICEIDA</ordname><ordrecid>571</ordrecid></vTaxOrder><vTaxOrder><ordclarecid>98</ordclarecid><ordname>LICEIDA</ordname><ordrecid>571</ordrecid></vTaxOrder><vTaxOrder><ordclarecid>98</ordclarecid><ordname>LICEIDA</ordname><ordrecid>571</ordrecid></vTaxOrder><vTaxOrder><ordclarecid>98</ordclarecid><ordname>LICEIDA</ordname><ordrecid>571</ordrecid></vTaxOrder><vTaxOrder><ordclarecid>98</ordclarecid><ordname>LICEIDA</ordname><ordrecid>571</ordrecid></vTaxOrder><vTaxOrder><ordclarecid>98</ordclarecid><ordname>LICEIDA</ordname><ordrecid>571</ordrecid></vTaxOrder><vTaxOrder><ordclarecid>98</ordclarecid><ordname>LICEIDA</ordname><ordrecid>571</ordrecid></vTaxOrder><vTaxOrder><ordclarecid>98</ordclarecid><ordname>LICEIDA</ordname><ordrecid>571</ordrecid></vTaxOrder><vTaxOrder><ordclarecid>98</ordclarecid><ordname>LICEIDA</ordname><ordrecid>571</ordrecid></vTaxOrder><vTaxOrder><ordclarecid>98</ordclarecid><ordname>LICEIDA</ordname><ordrecid>571</ordrecid></vTaxOrder><vTaxOrder><ordclarecid>98</ordclarecid><ordname>LICEIDA</ordname><ordrecid>571</ordrecid></vTaxOrder><vTaxOrder><ordclarecid>98</ordclarecid><ordname>LICEIDA</ordname><ordrecid>571</ordrecid></vTaxOrder><vTaxOrder><ordclarecid>98</ordclarecid><ordname>LICEIDA</ordname><ordrecid>571</ordrecid></vTaxOrder><vTaxOrder><ordclarecid>98</ordclarecid><ordname>LICEIDA</ordname><ordrecid>571</ordrecid></vTaxOrder><vTaxOrder><ordclarecid>98</ordclarecid><ordname>LICEIDA</ordname><ordrecid>571</ordrecid></vTaxOrder><vTaxOrder><ordclarecid>98</ordclarecid><ordname>LICEIDA</ordname><ordrecid>571</ordrecid></vTaxOrder><vTaxOrder><ordclarecid>98</ordclarecid><ordname>LICEIDA</ordname><ordrecid>571</ordrecid></vTaxOrder><vTaxOrder><ordclarecid>98</ordclarecid><ordname>LICEIDA</ordname><ordrecid>571</ordrecid></vTaxOrder><vTaxOrder><ordclarecid>98</ordclarecid><ordname>LICEIDA</ordname><ordrecid>571</ordrecid></vTaxOrder><vTaxOrder><ordclarecid>98</ordclarecid><ordname>LICEIDA</ordname><ordrecid>571</ordrecid></vTaxOrder><vTaxOrder><ordclarecid>98</ordclarecid><ordname>LICEIDA</ordname><ordrecid>571</ordrecid></vTaxOrder><vTaxOrder><ordclarecid>98</ordclarecid><ordname>LICEIDA</ordname><ordrecid>571</ordrecid></vTaxOrder><vTaxOrder><ordclarecid>98</ordclarecid><ordname>LICEIDA</ordname><ordrecid>571</ordrecid></vTaxOrder><vTaxOrder><ordclarecid>98</ordclarecid><ordname>LICEIDA</ordname><ordrecid>571</ordrecid></vTaxOrder><vTaxOrder><ordclarecid>98</ordclarecid><ordname>LICEIDA</ordname><ordrecid>571</ordrecid></vTaxOrder><vTaxOrder><ordclarecid>98</ordclarecid><ordname>LICEIDA</ordname><ordrecid>571</ordrecid></vTaxOrder><vTaxOrder><ordclarecid>98</ordclarecid><ordname>LICEIDA</ordname><ordrecid>571</ordrecid></vTaxOrder><vTaxOrder><ordclarecid>98</ordclarecid><ordname>LICEIDA</ordname><ordrecid>571</ordrecid></vTaxOrder><vTaxOrder><ordclarecid>98</ordclarecid><ordname>LICEIDA</ordname><ordrecid>571</ordrecid></vTaxOrder><vTaxOrder><ordclarecid>98</ordclarecid><ordname>LICEIDA</ordname><ordrecid>571</ordrecid></vTaxOrder><vTaxOrder><ordclarecid>98</ordclarecid><ordname>LICEIDA</ordname><ordrecid>571</ordrecid></vTaxOrder><vTaxOrder><ordclarecid>98</ordclarecid><ordname>LICEIDA</ordname><ordrecid>571</ordrecid></vTaxOrder><vTaxOrder><ordclarecid>98</ordclarecid><ordname>LICEIDA</ordname><ordrecid>571</ordrecid></vTaxOrder><vTaxOrder><ordclarecid>98</ordclarecid><ordname>LICEIDA</ordname><ordrecid>571</ordrecid></vTaxOrder><vTaxOrder><ordclarecid>98</ordclarecid><ordname>LICEIDA</ordname><ordrecid>571</ordrecid></vTaxOrder><vTaxOrder><ordclarecid>98</ordclarecid><ordname>LICEIDA</ordname><ordrecid>571</ordrecid></vTaxOrder><vTaxOrder><ordclarecid>98</ordclarecid><ordname>LICEIDA</ordname><ordrecid>571</ordrecid></vTaxOrder><vTaxOrder><ordclarecid>98</ordclarecid><ordname>LICEIDA</ordname><ordrecid>571</ordrecid></vTaxOrder><vTaxOrder><ordclarecid>98</ordclarecid><ordname>LICEIDA</ordname><ordrecid>571</ordrecid></vTaxOrder><vTaxOrder><ordclarecid>98</ordclarecid><ordname>LICEIDA</ordname><ordrecid>571</ordrecid></vTaxOrder><vTaxOrder><ordclarecid>98</ordclarecid><ordname>LICEIDA</ordname><ordrecid>571</ordrecid></vTaxOrder><vTaxOrder><ordclarecid>98</ordclarecid><ordname>LICEIDA</ordname><ordrecid>571</ordrecid></vTaxOrder><vTaxOrder><ordclarecid>98</ordclarecid><ordname>LICEIDA</ordname><ordrecid>571</ordrecid></vTaxOrder><vTaxOrder><ordclarecid>98</ordclarecid><ordname>LICEIDA</ordname><ordrecid>571</ordrecid></vTaxOrder><vTaxOrder><ordclarecid>98</ordclarecid><ordname>LICEIDA</ordname><ordrecid>571</ordrecid></vTaxOrder><vTaxOrder><ordclarecid>98</ordclarecid><ordname>LICEIDA</ordname><ordrecid>571</ordrecid></vTaxOrder><vTaxOrder><ordclarecid>98</ordclarecid><ordname>LICEIDA</ordname><ordrecid>571</ordrecid></vTaxOrder><vTaxOrder><ordclarecid>98</ordclarecid><ordname>LICEIDA</ordname><ordrecid>571</ordrecid></vTaxOrder><vTaxOrder><ordclarecid>98</ordclarecid><ordname>LICEIDA</ordname><ordrecid>571</ordrecid></vTaxOrder><vTaxOrder><ordclarecid>98</ordclarecid><ordname>LICEIDA</ordname><ordrecid>571</ordrecid></vTaxOrder><vTaxOrder><ordclarecid>98</ordclarecid><ordname>LICEIDA</ordname><ordrecid>571</ordrecid></vTaxOrder><vTaxOrder><ordclarecid>98</ordclarecid><ordname>LICEIDA</ordname><ordrecid>571</ordrecid></vTaxOrder><vTaxOrder><ordclarecid>98</ordclarecid><ordname>LICEIDA</ordname><ordrecid>571</ordrecid></vTaxOrder><vTaxOrder><ordclarecid>98</ordclarecid><ordname>LICEIDA</ordname><ordrecid>571</ordrecid></vTaxOrder><vTaxOrder><ordclarecid>98</ordclarecid><ordname>LICEIDA</ordname><ordrecid>571</ordrecid></vTaxOrder><vTaxOrder><ordclarecid>98</ordclarecid><ordname>LICEIDA</ordname><ordrecid>571</ordrecid></vTaxOrder><vTaxOrder><ordclarecid>98</ordclarecid><ordname>LICEIDA</ordname><ordrecid>571</ordrecid></vTaxOrder><vTaxOrder><ordclarecid>98</ordclarecid><ordname>LICEIDA</ordname><ordrecid>571</ordrecid></vTaxOrder><vTaxOrder><ordclarecid>98</ordclarecid><ordname>LICEIDA</ordname><ordrecid>571</ordrecid></vTaxOrder><vTaxOrder><ordclarecid>98</ordclarecid><ordname>LICEIDA</ordname><ordrecid>571</ordrecid></vTaxOrder><vTaxOrder><ordclarecid>98</ordclarecid><ordname>LICEIDA</ordname><ordrecid>571</ordrecid></vTaxOrder><vTaxOrder><ordclarecid>98</ordclarecid><ordname>LICEIDA</ordname><ordrecid>571</ordrecid></vTaxOrder><vTaxOrder><ordclarecid>98</ordclarecid><ordname>LICEIDA</ordname><ordrecid>571</ordrecid></vTaxOrder><vTaxOrder><ordclarecid>98</ordclarecid><ordname>LICEIDA</ordname><ordrecid>571</ordrecid></vTaxOrder><vTaxOrder><ordclarecid>98</ordclarecid><ordname>LICEIDA</ordname><ordrecid>571</ordrecid></vTaxOrder><vTaxOrder><ordclarecid>98</ordclarecid><ordname>LICEIDA</ordname><ordrecid>571</ordrecid></vTaxOrder><vTaxOrder><ordclarecid>98</ordclarecid><ordname>LICEIDA</ordname><ordrecid>571</ordrecid></vTaxOrder><vTaxOrder><ordclarecid>98</ordclarecid><ordname>LICEIDA</ordname><ordrecid>571</ordrecid></vTaxOrder><vTaxOrder><ordclarecid>98</ordclarecid><ordname>LICEIDA</ordname><ordrecid>571</ordrecid></vTaxOrder><vTaxOrder><ordclarecid>98</ordclarecid><ordname>LICEIDA</ordname><ordrecid>571</ordrecid></vTaxOrder><vTaxOrder><ordclarecid>98</ordclarecid><ordname>LICEIDA</ordname><ordrecid>571</ordrecid></vTaxOrder><vTaxOrder><ordclarecid>98</ordclarecid><ordname>LICEIDA</ordname><ordrecid>571</ordrecid></vTaxOrder><vTaxOrder><ordclarecid>98</ordclarecid><ordname>LICEIDA</ordname><ordrecid>571</ordrecid></vTaxOrder><vTaxOrder><ordclarecid>98</ordclarecid><ordname>LICEIDA</ordname><ordrecid>571</ordrecid></vTaxOrder><vTaxOrder><ordclarecid>98</ordclarecid><ordname>LICEIDA</ordname><ordrecid>571</ordrecid></vTaxOrder><vTaxOrder><ordclarecid>98</ordclarecid><ordname>LICEIDA</ordname><ordrecid>571</ordrecid></vTaxOrder><vTaxOrder><ordclarecid>98</ordclarecid><ordname>LICEIDA</ordname><ordrecid>571</ordrecid></vTaxOrder><vTaxOrder><ordclarecid>98</ordclarecid><ordname>LICEIDA</ordname><ordrecid>571</ordrecid></vTaxOrder><vTaxOrder><ordclarecid>98</ordclarecid><ordname>LICEIDA</ordname><ordrecid>571</ordrecid></vTaxOrder><vTaxOrder><ordclarecid>98</ordclarecid><ordname>LICEIDA</ordname><ordrecid>571</ordrecid></vTaxOrder><vTaxOrder><ordclarecid>98</ordclarecid><ordname>LICEIDA</ordname><ordrecid>571</ordrecid></vTaxOrder><vTaxOrder><ordclarecid>98</ordclarecid><ordname>LICEIDA</ordname><ordrecid>571</ordrecid></vTaxOrder><vTaxOrder><ordclarecid>98</ordclarecid><ordname>LICEIDA</ordname><ordrecid>571</ordrecid></vTaxOrder><vTaxOrder><ordclarecid>98</ordclarecid><ordname>LICEIDA</ordname><ordrecid>571</ordrecid></vTaxOrder><vTaxOrder><ordclarecid>98</ordclarecid><ordname>LICEIDA</ordname><ordrecid>571</ordrecid></vTaxOrder><vTaxOrder><ordclarecid>98</ordclarecid><ordname>LICEIDA</ordname><ordrecid>571</ordrecid></vTaxOrder><vTaxOrder><ordclarecid>98</ordclarecid><ordname>LICEIDA</ordname><ordrecid>571</ordrecid></vTaxOrder><vTaxOrder><ordclarecid>98</ordclarecid><ordname>LICEIDA</ordname><ordrecid>571</ordrecid></vTaxOrder><vTaxOrder><ordclarecid>98</ordclarecid><ordname>LICEIDA</ordname><ordrecid>571</ordrecid></vTaxOrder><vTaxOrder><ordclarecid>98</ordclarecid><ordname>LICEIDA</ordname><ordrecid>571</ordrecid></vTaxOrder><vTaxOrder><ordclarecid>98</ordclarecid><ordname>LICEIDA</ordname><ordrecid>571</ordrecid></vTaxOrder><vTaxOrder><ordclarecid>98</ordclarecid><ordname>LICEIDA</ordname><ordrecid>571</ordrecid></vTaxOrder><vTaxOrder><ordclarecid>98</ordclarecid><ordname>LICEIDA</ordname><ordrecid>571</ordrecid></vTaxOrder><vTaxOrder><ordclarecid>98</ordclarecid><ordname>LICEIDA</ordname><ordrecid>571</ordrecid></vTaxOrder><vTaxOrder><ordclarecid>98</ordclarecid><ordname>LICEIDA</ordname><ordrecid>571</ordrecid></vTaxOrder><vTaxOrder><ordclarecid>98</ordclarecid><ordname>LICEIDA</ordname><ordrecid>571</ordrecid></vTaxOrder><vTaxOrder><ordclarecid>98</ordclarecid><ordname>LICEIDA</ordname><ordrecid>571</ordrecid></vTaxOrder><vTaxOrder><ordclarecid>98</ordclarecid><ordname>LICEIDA</ordname><ordrecid>571</ordrecid></vTaxOrder><vTaxOrder><ordclarecid>98</ordclarecid><ordname>LICEIDA</ordname><ordrecid>571</ordrecid></vTaxOrder><vTaxOrder><ordclarecid>98</ordclarecid><ordname>LICEIDA</ordname><ordrecid>571</ordrecid></vTaxOrder><vTaxOrder><ordclarecid>98</ordclarecid><ordname>LICEIDA</ordname><ordrecid>571</ordrecid></vTaxOrder><vTaxOrder><ordclarecid>98</ordclarecid><ordname>LICEIDA</ordname><ordrecid>571</ordrecid></vTaxOrder><vTaxOrder><ordclarecid>98</ordclarecid><ordname>LICEIDA</ordname><ordrecid>571</ordrecid></vTaxOrder><vTaxOrder><ordclarecid>98</ordclarecid><ordname>LICEIDA</ordname><ordrecid>571</ordrecid></vTaxOrder><vTaxOrder><ordclarecid>98</ordclarecid><ordname>LICEIDA</ordname><ordrecid>571</ordrecid></vTaxOrder><vTaxOrder><ordclarecid>98</ordclarecid><ordname>LICEIDA</ordname><ordrecid>571</ordrecid></vTaxOrder><vTaxOrder><ordclarecid>98</ordclarecid><ordname>LICEIDA</ordname><ordrecid>571</ordrecid></vTaxOrder><vTaxOrder><ordclarecid>98</ordclarecid><ordname>LICEIDA</ordname><ordrecid>571</ordrecid></vTaxOrder><vTaxOrder><ordclarecid>98</ordclarecid><ordname>LICEIDA</ordname><ordrecid>571</ordrecid></vTaxOrder><vTaxOrder><ordclarecid>98</ordclarecid><ordname>LICEIDA</ordname><ordrecid>571</ordrecid></vTaxOrder><vTaxOrder><ordclarecid>98</ordclarecid><ordname>LICEIDA</ordname><ordrecid>571</ordrecid></vTaxOrder><vTaxOrder><ordclarecid>98</ordclarecid><ordname>LICEIDA</ordname><ordrecid>571</ordrecid></vTaxOrder><vTaxOrder><ordclarecid>98</ordclarecid><ordname>LICEIDA</ordname><ordrecid>571</ordrecid></vTaxOrder><vTaxOrder><ordclarecid>98</ordclarecid><ordname>LICEIDA</ordname><ordrecid>571</ordrecid></vTaxOrder><vTaxOrder><ordclarecid>98</ordclarecid><ordname>LICEIDA</ordname><ordrecid>571</ordrecid></vTaxOrder><vTaxOrder><ordclarecid>98</ordclarecid><ordname>LICEIDA</ordname><ordrecid>571</ordrecid></vTaxOrder><vTaxOrder><ordclarecid>98</ordclarecid><ordname>LICEIDA</ordname><ordrecid>571</ordrecid></vTaxOrder><vTaxOrder><ordclarecid>98</ordclarecid><ordname>LICEIDA</ordname><ordrecid>571</ordrecid></vTaxOrder><vTaxOrder><ordclarecid>98</ordclarecid><ordname>LICEIDA</ordname><ordrecid>571</ordrecid></vTaxOrder><vTaxOrder><ordclarecid>98</ordclarecid><ordname>LICEIDA</ordname><ordrecid>571</ordrecid></vTaxOrder><vTaxOrder><ordclarecid>98</ordclarecid><ordname>LICEIDA</ordname><ordrecid>571</ordrecid></vTaxOrder><vTaxOrder><ordclarecid>98</ordclarecid><ordname>LICEIDA</ordname><ordrecid>571</ordrecid></vTaxOrder><vTaxOrder><ordclarecid>98</ordclarecid><ordname>LICEIDA</ordname><ordrecid>571</ordrecid></vTaxOrder><vTaxOrder><ordclarecid>98</ordclarecid><ordname>LICEIDA</ordname><ordrecid>571</ordrecid></vTaxOrder><vTaxOrder><ordclarecid>98</ordclarecid><ordname>LICEIDA</ordname><ordrecid>571</ordrecid></vTaxOrder><vTaxOrder><ordclarecid>98</ordclarecid><ordname>LICEIDA</ordname><ordrecid>571</ordrecid></vTaxOrder><vTaxOrder><ordclarecid>98</ordclarecid><ordname>LICEIDA</ordname><ordrecid>571</ordrecid></vTaxOrder><vTaxOrder><ordclarecid>98</ordclarecid><ordname>LICEIDA</ordname><ordrecid>571</ordrecid></vTaxOrder><vTaxOrder><ordclarecid>98</ordclarecid><ordname>LICEIDA</ordname><ordrecid>571</ordrecid></vTaxOrder><vTaxOrder><ordclarecid>98</ordclarecid><ordname>LICEIDA</ordname><ordrecid>571</ordrecid></vTaxOrder><vTaxOrder><ordclarecid>98</ordclarecid><ordname>LICEIDA</ordname><ordrecid>571</ordrecid></vTaxOrder><vTaxOrder><ordclarecid>98</ordclarecid><ordname>LICEIDA</ordname><ordrecid>571</ordrecid></vTaxOrder><vTaxOrder><ordclarecid>98</ordclarecid><ordname>LICEIDA</ordname><ordrecid>571</ordrecid></vTaxOrder><vTaxOrder><ordclarecid>98</ordclarecid><ordname>LICEIDA</ordname><ordrecid>571</ordrecid></vTaxOrder><vTaxOrder><ordclarecid>98</ordclarecid><ordname>LICEIDA</ordname><ordrecid>571</ordrecid></vTaxOrder><vTaxOrder><ordclarecid>98</ordclarecid><ordname>LICEIDA</ordname><ordrecid>571</ordrecid></vTaxOrder><vTaxOrder><ordclarecid>98</ordclarecid><ordname>LICEIDA</ordname><ordrecid>571</ordrecid></vTaxOrder><vTaxOrder><ordclarecid>98</ordclarecid><ordname>LICEIDA</ordname><ordrecid>571</ordrecid></vTaxOrder><vTaxOrder><ordclarecid>98</ordclarecid><ordname>LICEIDA</ordname><ordrecid>571</ordrecid></vTaxOrder><vTaxOrder><ordclarecid>98</ordclarecid><ordname>LICEIDA</ordname><ordrecid>571</ordrecid></vTaxOrder><vTaxOrder><ordclarecid>98</ordclarecid><ordname>LICEIDA</ordname><ordrecid>571</ordrecid></vTaxOrder><vTaxOrder><ordclarecid>98</ordclarecid><ordname>LICEIDA</ordname><ordrecid>571</ordrecid></vTaxOrder><vTaxOrder><ordclarecid>98</ordclarecid><ordname>LICEIDA</ordname><ordrecid>571</ordrecid></vTaxOrder><vTaxOrder><ordclarecid>98</ordclarecid><ordname>LICEIDA</ordname><ordrecid>571</ordrecid></vTaxOrder><vTaxOrder><ordclarecid>98</ordclarecid><ordname>LICEIDA</ordname><ordrecid>571</ordrecid></vTaxOrder><vTaxOrder><ordclarecid>98</ordclarecid><ordname>LICEIDA</ordname><ordrecid>571</ordrecid></vTaxOrder><vTaxOrder><ordclarecid>98</ordclarecid><ordname>LICEIDA</ordname><ordrecid>571</ordrecid></vTaxOrder><vTaxOrder><ordclarecid>98</ordclarecid><ordname>LICEIDA</ordname><ordrecid>571</ordrecid></vTaxOrder><vTaxOrder><ordclarecid>98</ordclarecid><ordname>LICEIDA</ordname><ordrecid>571</ordrecid></vTaxOrder><vTaxOrder><ordclarecid>98</ordclarecid><ordname>LICEIDA</ordname><ordrecid>571</ordrecid></vTaxOrder><vTaxOrder><ordclarecid>98</ordclarecid><ordname>LICEIDA</ordname><ordrecid>571</ordrecid></vTaxOrder><vTaxOrder><ordclarecid>98</ordclarecid><ordname>LICEIDA</ordname><ordrecid>571</ordrecid></vTaxOrder><vTaxOrder><ordclarecid>98</ordclarecid><ordname>LICEIDA</ordname><ordrecid>571</ordrecid></vTaxOrder><vTaxOrder><ordclarecid>98</ordclarecid><ordname>LICEIDA</ordname><ordrecid>571</ordrecid></vTaxOrder><vTaxOrder><ordclarecid>98</ordclarecid><ordname>LICEIDA</ordname><ordrecid>571</ordrecid></vTaxOrder><vTaxOrder><ordclarecid>98</ordclarecid><ordname>LICEIDA</ordname><ordrecid>571</ordrecid></vTaxOrder><vTaxOrder><ordclarecid>98</ordclarecid><ordname>LICEIDA</ordname><ordrecid>571</ordrecid></vTaxOrder><vTaxOrder><ordclarecid>98</ordclarecid><ordname>LICEIDA</ordname><ordrecid>571</ordrecid></vTaxOrder><vTaxOrder><ordclarecid>98</ordclarecid><ordname>LICEIDA</ordname><ordrecid>571</ordrecid></vTaxOrder><vTaxOrder><ordclarecid>98</ordclarecid><ordname>LICEIDA</ordname><ordrecid>571</ordrecid></vTaxOrder><vTaxOrder><ordclarecid>98</ordclarecid><ordname>LICEIDA</ordname><ordrecid>571</ordrecid></vTaxOrder><vTaxOrder><ordclarecid>98</ordclarecid><ordname>LICEIDA</ordname><ordrecid>571</ordrecid></vTaxOrder><vTaxOrder><ordclarecid>98</ordclarecid><ordname>LICEIDA</ordname><ordrecid>571</ordrecid></vTaxOrder><vTaxOrder><ordclarecid>98</ordclarecid><ordname>LICEIDA</ordname><ordrecid>571</ordrecid></vTaxOrder><vTaxOrder><ordclarecid>98</ordclarecid><ordname>LICEIDA</ordname><ordrecid>571</ordrecid></vTaxOrder><vTaxOrder><ordclarecid>98</ordclarecid><ordname>LICEIDA</ordname><ordrecid>571</ordrecid></vTaxOrder><vTaxOrder><ordclarecid>98</ordclarecid><ordname>LICEIDA</ordname><ordrecid>571</ordrecid></vTaxOrder><vTaxOrder><ordclarecid>98</ordclarecid><ordname>LICEIDA</ordname><ordrecid>571</ordrecid></vTaxOrder><vTaxOrder><ordclarecid>98</ordclarecid><ordname>LICEIDA</ordname><ordrecid>571</ordrecid></vTaxOrder><vTaxOrder><ordclarecid>98</ordclarecid><ordname>LICEIDA</ordname><ordrecid>571</ordrecid></vTaxOrder><vTaxOrder><ordclarecid>98</ordclarecid><ordname>LICEIDA</ordname><ordrecid>571</ordrecid></vTaxOrder><vTaxOrder><ordclarecid>98</ordclarecid><ordname>LICEIDA</ordname><ordrecid>571</ordrecid></vTaxOrder><vTaxOrder><ordclarecid>98</ordclarecid><ordname>LICEIDA</ordname><ordrecid>571</ordrecid></vTaxOrder><vTaxOrder><ordclarecid>98</ordclarecid><ordname>LICEIDA</ordname><ordrecid>571</ordrecid></vTaxOrder><vTaxOrder><ordclarecid>98</ordclarecid><ordname>LICEIDA</ordname><ordrecid>571</ordrecid></vTaxOrder><vTaxOrder><ordclarecid>98</ordclarecid><ordname>LICEIDA</ordname><ordrecid>571</ordrecid></vTaxOrder><vTaxOrder><ordclarecid>98</ordclarecid><ordname>LICEIDA</ordname><ordrecid>571</ordrecid></vTaxOrder><vTaxOrder><ordclarecid>98</ordclarecid><ordname>LICEIDA</ordname><ordrecid>571</ordrecid></vTaxOrder><vTaxOrder><ordclarecid>98</ordclarecid><ordname>LICEIDA</ordname><ordrecid>571</ordrecid></vTaxOrder><vTaxOrder><ordclarecid>98</ordclarecid><ordname>LICEIDA</ordname><ordrecid>571</ordrecid></vTaxOrder><vTaxOrder><ordclarecid>98</ordclarecid><ordname>LICEIDA</ordname><ordrecid>571</ordrecid></vTaxOrder><vTaxOrder><ordclarecid>98</ordclarecid><ordname>LICEIDA</ordname><ordrecid>571</ordrecid></vTaxOrder><vTaxOrder><ordclarecid>98</ordclarecid><ordname>LICEIDA</ordname><ordrecid>571</ordrecid></vTaxOrder><vTaxOrder><ordclarecid>98</ordclarecid><ordname>LICEIDA</ordname><ordrecid>571</ordrecid></vTaxOrder><vTaxOrder><ordclarecid>98</ordclarecid><ordname>LICEIDA</ordname><ordrecid>571</ordrecid></vTaxOrder><vTaxOrder><ordclarecid>98</ordclarecid><ordname>LICEIDA</ordname><ordrecid>571</ordrecid></vTaxOrder><vTaxOrder><ordclarecid>98</ordclarecid><ordname>LICEIDA</ordname><ordrecid>571</ordrecid></vTaxOrder><vTaxOrder><ordclarecid>98</ordclarecid><ordname>LICEIDA</ordname><ordrecid>571</ordrecid></vTaxOrder><vTaxOrder><ordclarecid>98</ordclarecid><ordname>LICEIDA</ordname><ordrecid>571</ordrecid></vTaxOrder><vTaxOrder><ordclarecid>98</ordclarecid><ordname>LICEIDA</ordname><ordrecid>571</ordrecid></vTaxOrder><vTaxOrder><ordclarecid>98</ordclarecid><ordname>LICEIDA</ordname><ordrecid>571</ordrecid></vTaxOrder><vTaxOrder><ordclarecid>98</ordclarecid><ordname>LICEIDA</ordname><ordrecid>571</ordrecid></vTaxOrder><vTaxOrder><ordclarecid>98</ordclarecid><ordname>LICEIDA</ordname><ordrecid>571</ordrecid></vTaxOrder><vTaxOrder><ordclarecid>98</ordclarecid><ordname>LICEIDA</ordname><ordrecid>571</ordrecid></vTaxOrder><vTaxOrder><ordclarecid>98</ordclarecid><ordname>LICEIDA</ordname><ordrecid>571</ordrecid></vTaxOrder><vTaxOrder><ordclarecid>98</ordclarecid><ordname>LICEIDA</ordname><ordrecid>571</ordrecid></vTaxOrder><vTaxOrder><ordclarecid>98</ordclarecid><ordname>LICEIDA</ordname><ordrecid>571</ordrecid></vTaxOrder><vTaxOrder><ordclarecid>98</ordclarecid><ordname>LICEIDA</ordname><ordrecid>571</ordrecid></vTaxOrder><vTaxOrder><ordclarecid>98</ordclarecid><ordname>LICEIDA</ordname><ordrecid>571</ordrecid></vTaxOrder><vTaxOrder><ordclarecid>98</ordclarecid><ordname>LICEIDA</ordname><ordrecid>571</ordrecid></vTaxOrder><vTaxOrder><ordclarecid>98</ordclarecid><ordname>LICEIDA</ordname><ordrecid>571</ordrecid></vTaxOrder><vTaxOrder><ordclarecid>98</ordclarecid><ordname>LICEIDA</ordname><ordrecid>571</ordrecid></vTaxOrder><vTaxOrder><ordclarecid>98</ordclarecid><ordname>LICEIDA</ordname><ordrecid>571</ordrecid></vTaxOrder><vTaxOrder><ordclarecid>98</ordclarecid><ordname>LICEIDA</ordname><ordrecid>571</ordrecid></vTaxOrder><vTaxOrder><ordclarecid>98</ordclarecid><ordname>LICEIDA</ordname><ordrecid>571</ordrecid></vTaxOrder><vTaxOrder><ordclarecid>98</ordclarecid><ordname>LICEIDA</ordname><ordrecid>571</ordrecid></vTaxOrder><vTaxOrder><ordclarecid>98</ordclarecid><ordname>LICEIDA</ordname><ordrecid>571</ordrecid></vTaxOrder><vTaxOrder><ordclarecid>98</ordclarecid><ordname>LICEIDA</ordname><ordrecid>571</ordrecid></vTaxOrder><vTaxOrder><ordclarecid>98</ordclarecid><ordname>LICEIDA</ordname><ordrecid>571</ordrecid></vTaxOrder><vTaxOrder><ordclarecid>98</ordclarecid><ordname>LICEIDA</ordname><ordrecid>571</ordrecid></vTaxOrder><vTaxOrder><ordclarecid>98</ordclarecid><ordname>LICEIDA</ordname><ordrecid>571</ordrecid></vTaxOrder><vTaxOrder><ordclarecid>98</ordclarecid><ordname>LICEIDA</ordname><ordrecid>571</ordrecid></vTaxOrder><vTaxOrder><ordclarecid>98</ordclarecid><ordname>LICEIDA</ordname><ordrecid>571</ordrecid></vTaxOrder><vTaxOrder><ordclarecid>98</ordclarecid><ordname>LICEIDA</ordname><ordrecid>571</ordrecid></vTaxOrder><vTaxOrder><ordclarecid>98</ordclarecid><ordname>LICEIDA</ordname><ordrecid>571</ordrecid></vTaxOrder><vTaxOrder><ordclarecid>98</ordclarecid><ordname>LICEIDA</ordname><ordrecid>571</ordrecid></vTaxOrder><vTaxOrder><ordclarecid>98</ordclarecid><ordname>LICEIDA</ordname><ordrecid>571</ordrecid></vTaxOrder><vTaxOrder><ordclarecid>98</ordclarecid><ordname>LICEIDA</ordname><ordrecid>571</ordrecid></vTaxOrder><vTaxOrder><ordclarecid>98</ordclarecid><ordname>LICEIDA</ordname><ordrecid>571</ordrecid></vTaxOrder><vTaxOrder><ordclarecid>98</ordclarecid><ordname>LICEIDA</ordname><ordrecid>571</ordrecid></vTaxOrder><vTaxOrder><ordclarecid>98</ordclarecid><ordname>LICEIDA</ordname><ordrecid>571</ordrecid></vTaxOrder><vTaxOrder><ordclarecid>98</ordclarecid><ordname>LICEIDA</ordname><ordrecid>571</ordrecid></vTaxOrder><vTaxOrder><ordclarecid>98</ordclarecid><ordname>LICEIDA</ordname><ordrecid>571</ordrecid></vTaxOrder><vTaxOrder><ordclarecid>98</ordclarecid><ordname>LICEIDA</ordname><ordrecid>571</ordrecid></vTaxOrder><vTaxOrder><ordclarecid>98</ordclarecid><ordname>LICEIDA</ordname><ordrecid>571</ordrecid></vTaxOrder><vTaxOrder><ordclarecid>98</ordclarecid><ordname>LICEIDA</ordname><ordrecid>571</ordrecid></vTaxOrder><vTaxOrder><ordclarecid>98</ordclarecid><ordname>LICEIDA</ordname><ordrecid>571</ordrecid></vTaxOrder><vTaxOrder><ordclarecid>98</ordclarecid><ordname>LICEIDA</ordname><ordrecid>571</ordrecid></vTaxOrder><vTaxOrder><ordclarecid>98</ordclarecid><ordname>LICEIDA</ordname><ordrecid>571</ordrecid></vTaxOrder><vTaxOrder><ordclarecid>98</ordclarecid><ordname>LICEIDA</ordname><ordrecid>571</ordrecid></vTaxOrder><vTaxOrder><ordclarecid>98</ordclarecid><ordname>LICEIDA</ordname><ordrecid>571</ordrecid></vTaxOrder><vTaxOrder><ordclarecid>98</ordclarecid><ordname>LICEIDA</ordname><ordrecid>571</ordrecid></vTaxOrder><vTaxOrder><ordclarecid>98</ordclarecid><ordname>LICEIDA</ordname><ordrecid>571</ordrecid></vTaxOrder><vTaxOrder><ordclarecid>98</ordclarecid><ordname>LICEIDA</ordname><ordrecid>571</ordrecid></vTaxOrder><vTaxOrder><ordclarecid>98</ordclarecid><ordname>LICEIDA</ordname><ordrecid>571</ordrecid></vTaxOrder><vTaxOrder><ordclarecid>98</ordclarecid><ordname>LICEIDA</ordname><ordrecid>571</ordrecid></vTaxOrder><vTaxOrder><ordclarecid>98</ordclarecid><ordname>LICEIDA</ordname><ordrecid>571</ordrecid></vTaxOrder><vTaxOrder><ordclarecid>98</ordclarecid><ordname>LICEIDA</ordname><ordrecid>571</ordrecid></vTaxOrder><vTaxOrder><ordclarecid>98</ordclarecid><ordname>LICEIDA</ordname><ordrecid>571</ordrecid></vTaxOrder><vTaxOrder><ordclarecid>98</ordclarecid><ordname>LICEIDA</ordname><ordrecid>571</ordrecid></vTaxOrder><vTaxOrder><ordclarecid>98</ordclarecid><ordname>LICEIDA</ordname><ordrecid>571</ordrecid></vTaxOrder><vTaxOrder><ordclarecid>98</ordclarecid><ordname>LICEIDA</ordname><ordrecid>571</ordrecid></vTaxOrder><vTaxOrder><ordclarecid>98</ordclarecid><ordname>LICEIDA</ordname><ordrecid>571</ordrecid></vTaxOrder><vTaxOrder><ordclarecid>98</ordclarecid><ordname>LICEIDA</ordname><ordrecid>571</ordrecid></vTaxOrder><vTaxOrder><ordclarecid>98</ordclarecid><ordname>LICEIDA</ordname><ordrecid>571</ordrecid></vTaxOrder><vTaxOrder><ordclarecid>98</ordclarecid><ordname>LICEIDA</ordname><ordrecid>571</ordrecid></vTaxOrder><vTaxOrder><ordclarecid>98</ordclarecid><ordname>LICEIDA</ordname><ordrecid>571</ordrecid></vTaxOrder><vTaxOrder><ordclarecid>98</ordclarecid><ordname>LICEIDA</ordname><ordrecid>571</ordrecid></vTaxOrder><vTaxOrder><ordclarecid>98</ordclarecid><ordname>LICEIDA</ordname><ordrecid>571</ordrecid></vTaxOrder><vTaxOrder><ordclarecid>98</ordclarecid><ordname>LICEIDA</ordname><ordrecid>571</ordrecid></vTaxOrder><vTaxOrder><ordclarecid>98</ordclarecid><ordname>LICEIDA</ordname><ordrecid>571</ordrecid></vTaxOrder><vTaxOrder><ordclarecid>98</ordclarecid><ordname>LICEIDA</ordname><ordrecid>571</ordrecid></vTaxOrder><vTaxOrder><ordclarecid>98</ordclarecid><ordname>LICEIDA</ordname><ordrecid>571</ordrecid></vTaxOrder><vTaxOrder><ordclarecid>98</ordclarecid><ordname>LICEIDA</ordname><ordrecid>571</ordrecid></vTaxOrder><vTaxOrder><ordclarecid>98</ordclarecid><ordname>LICEIDA</ordname><ordrecid>571</ordrecid></vTaxOrder><vTaxOrder><ordclarecid>98</ordclarecid><ordname>LICEIDA</ordname><ordrecid>571</ordrecid></vTaxOrder><vTaxOrder><ordclarecid>98</ordclarecid><ordname>LICEIDA</ordname><ordrecid>571</ordrecid></vTaxOrder><vTaxOrder><ordclarecid>98</ordclarecid><ordname>LICEIDA</ordname><ordrecid>571</ordrecid></vTaxOrder><vTaxOrder><ordclarecid>98</ordclarecid><ordname>LICEIDA</ordname><ordrecid>571</ordrecid></vTaxOrder><vTaxOrder><ordclarecid>98</ordclarecid><ordname>LICEIDA</ordname><ordrecid>571</ordrecid></vTaxOrder><vTaxOrder><ordclarecid>98</ordclarecid><ordname>LICEIDA</ordname><ordrecid>571</ordrecid></vTaxOrder><vTaxOrder><ordclarecid>98</ordclarecid><ordname>LICEIDA</ordname><ordrecid>571</ordrecid></vTaxOrder><vTaxOrder><ordclarecid>98</ordclarecid><ordname>LICEIDA</ordname><ordrecid>571</ordrecid></vTaxOrder><vTaxOrder><ordclarecid>98</ordclarecid><ordname>LICEIDA</ordname><ordrecid>571</ordrecid></vTaxOrder><vTaxOrder><ordclarecid>98</ordclarecid><ordname>LICEIDA</ordname><ordrecid>571</ordrecid></vTaxOrder><vTaxOrder><ordclarecid>98</ordclarecid><ordname>LICEIDA</ordname><ordrecid>571</ordrecid></vTaxOrder><vTaxOrder><ordclarecid>98</ordclarecid><ordname>LICEIDA</ordname><ordrecid>571</ordrecid></vTaxOrder><vTaxOrder><ordclarecid>98</ordclarecid><ordname>LICEIDA</ordname><ordrecid>571</ordrecid></vTaxOrder><vTaxOrder><ordclarecid>98</ordclarecid><ordname>LICEIDA</ordname><ordrecid>571</ordrecid></vTaxOrder><vTaxOrder><ordclarecid>98</ordclarecid><ordname>LICEIDA</ordname><ordrecid>571</ordrecid></vTaxOrder><vTaxOrder><ordclarecid>98</ordclarecid><ordname>LICEIDA</ordname><ordrecid>571</ordrecid></vTaxOrder><vTaxOrder><ordclarecid>98</ordclarecid><ordname>LICEIDA</ordname><ordrecid>571</ordrecid></vTaxOrder><vTaxOrder><ordclarecid>98</ordclarecid><ordname>LICEIDA</ordname><ordrecid>571</ordrecid></vTaxOrder><vTaxOrder><ordclarecid>98</ordclarecid><ordname>LICEIDA</ordname><ordrecid>571</ordrecid></vTaxOrder><vTaxOrder><ordclarecid>98</ordclarecid><ordname>LICEIDA</ordname><ordrecid>571</ordrecid></vTaxOrder><vTaxOrder><ordclarecid>98</ordclarecid><ordname>LICEIDA</ordname><ordrecid>571</ordrecid></vTaxOrder><vTaxOrder><ordclarecid>98</ordclarecid><ordname>LICEIDA</ordname><ordrecid>571</ordrecid></vTaxOrder><vTaxOrder><ordclarecid>98</ordclarecid><ordname>LICEIDA</ordname><ordrecid>571</ordrecid></vTaxOrder><vTaxOrder><ordclarecid>98</ordclarecid><ordname>LICEIDA</ordname><ordrecid>571</ordrecid></vTaxOrder><vTaxOrder><ordclarecid>98</ordclarecid><ordname>LICEIDA</ordname><ordrecid>571</ordrecid></vTaxOrder><vTaxOrder><ordclarecid>98</ordclarecid><ordname>LICEIDA</ordname><ordrecid>571</ordrecid></vTaxOrder><vTaxOrder><ordclarecid>98</ordclarecid><ordname>LICEIDA</ordname><ordrecid>571</ordrecid></vTaxOrder><vTaxOrder><ordclarecid>98</ordclarecid><ordname>LICEIDA</ordname><ordrecid>571</ordrecid></vTaxOrder><vTaxOrder><ordclarecid>98</ordclarecid><ordname>LICEIDA</ordname><ordrecid>571</ordrecid></vTaxOrder><vTaxOrder><ordclarecid>98</ordclarecid><ordname>LICEIDA</ordname><ordrecid>571</ordrecid></vTaxOrder><vTaxOrder><ordclarecid>98</ordclarecid><ordname>LICEIDA</ordname><ordrecid>571</ordrecid></vTaxOrder><vTaxOrder><ordclarecid>98</ordclarecid><ordname>LICEIDA</ordname><ordrecid>571</ordrecid></vTaxOrder><vTaxOrder><ordclarecid>98</ordclarecid><ordname>LICEIDA</ordname><ordrecid>571</ordrecid></vTaxOrder><vTaxOrder><ordclarecid>98</ordclarecid><ordname>LICEIDA</ordname><ordrecid>571</ordrecid></vTaxOrder><vTaxOrder><ordclarecid>98</ordclarecid><ordname>LICEIDA</ordname><ordrecid>571</ordrecid></vTaxOrder><vTaxOrder><ordclarecid>98</ordclarecid><ordname>LICEIDA</ordname><ordrecid>571</ordrecid></vTaxOrder><vTaxOrder><ordclarecid>98</ordclarecid><ordname>LICEIDA</ordname><ordrecid>571</ordrecid></vTaxOrder><vTaxOrder><ordclarecid>98</ordclarecid><ordname>LICEIDA</ordname><ordrecid>571</ordrecid></vTaxOrder><vTaxOrder><ordclarecid>98</ordclarecid><ordname>LICEIDA</ordname><ordrecid>571</ordrecid></vTaxOrder><vTaxOrder><ordclarecid>98</ordclarecid><ordname>LICEIDA</ordname><ordrecid>571</ordrecid></vTaxOrder><vTaxOrder><ordclarecid>98</ordclarecid><ordname>LICEIDA</ordname><ordrecid>571</ordrecid></vTaxOrder><vTaxOrder><ordclarecid>98</ordclarecid><ordname>LICEIDA</ordname><ordrecid>571</ordrecid></vTaxOrder><vTaxOrder><ordclarecid>98</ordclarecid><ordname>LICEIDA</ordname><ordrecid>571</ordrecid></vTaxOrder><vTaxOrder><ordclarecid>98</ordclarecid><ordname>LICEIDA</ordname><ordrecid>571</ordrecid></vTaxOrder><vTaxOrder><ordclarecid>98</ordclarecid><ordname>LICEIDA</ordname><ordrecid>571</ordrecid></vTaxOrder><vTaxOrder><ordclarecid>98</ordclarecid><ordname>LICEIDA</ordname><ordrecid>571</ordrecid></vTaxOrder><vTaxOrder><ordclarecid>98</ordclarecid><ordname>LICEIDA</ordname><ordrecid>571</ordrecid></vTaxOrder><vTaxOrder><ordclarecid>98</ordclarecid><ordname>LICEIDA</ordname><ordrecid>571</ordrecid></vTaxOrder><vTaxOrder><ordclarecid>98</ordclarecid><ordname>LICEIDA</ordname><ordrecid>571</ordrecid></vTaxOrder><vTaxOrder><ordclarecid>98</ordclarecid><ordname>LICEIDA</ordname><ordrecid>571</ordrecid></vTaxOrder><vTaxOrder><ordclarecid>98</ordclarecid><ordname>LICEIDA</ordname><ordrecid>571</ordrecid></vTaxOrder><vTaxOrder><ordclarecid>98</ordclarecid><ordname>LICEIDA</ordname><ordrecid>571</ordrecid></vTaxOrder><vTaxOrder><ordclarecid>98</ordclarecid><ordname>LICEIDA</ordname><ordrecid>571</ordrecid></vTaxOrder><vTaxOrder><ordclarecid>98</ordclarecid><ordname>LICEIDA</ordname><ordrecid>571</ordrecid></vTaxOrder><vTaxOrder><ordclarecid>98</ordclarecid><ordname>LICEIDA</ordname><ordrecid>571</ordrecid></vTaxOrder><vTaxOrder><ordclarecid>98</ordclarecid><ordname>LICEIDA</ordname><ordrecid>571</ordrecid></vTaxOrder><vTaxOrder><ordclarecid>98</ordclarecid><ordname>LICEIDA</ordname><ordrecid>571</ordrecid></vTaxOrder><vTaxOrder><ordclarecid>98</ordclarecid><ordname>LICEIDA</ordname><ordrecid>571</ordrecid></vTaxOrder><vTaxOrder><ordclarecid>98</ordclarecid><ordname>LICEIDA</ordname><ordrecid>571</ordrecid></vTaxOrder><vTaxOrder><ordclarecid>98</ordclarecid><ordname>LICEIDA</ordname><ordrecid>571</ordrecid></vTaxOrder><vTaxOrder><ordclarecid>98</ordclarecid><ordname>LICEIDA</ordname><ordrecid>571</ordrecid></vTaxOrder><vTaxOrder><ordclarecid>98</ordclarecid><ordname>LICEIDA</ordname><ordrecid>571</ordrecid></vTaxOrder><vTaxOrder><ordclarecid>98</ordclarecid><ordname>LICEIDA</ordname><ordrecid>571</ordrecid></vTaxOrder><vTaxOrder><ordclarecid>98</ordclarecid><ordname>LICEIDA</ordname><ordrecid>571</ordrecid></vTaxOrder><vTaxOrder><ordclarecid>98</ordclarecid><ordname>LICEIDA</ordname><ordrecid>571</ordrecid></vTaxOrder><vTaxOrder><ordclarecid>98</ordclarecid><ordname>LICEIDA</ordname><ordrecid>571</ordrecid></vTaxOrder><vTaxOrder><ordclarecid>98</ordclarecid><ordname>LICEIDA</ordname><ordrecid>571</ordrecid></vTaxOrder><vTaxOrder><ordclarecid>98</ordclarecid><ordname>LICEIDA</ordname><ordrecid>571</ordrecid></vTaxOrder><vTaxOrder><ordclarecid>98</ordclarecid><ordname>LICEIDA</ordname><ordrecid>571</ordrecid></vTaxOrder><vTaxOrder><ordclarecid>98</ordclarecid><ordname>LICEIDA</ordname><ordrecid>571</ordrecid></vTaxOrder><vTaxOrder><ordclarecid>98</ordclarecid><ordname>LICEIDA</ordname><ordrecid>571</ordrecid></vTaxOrder><vTaxOrder><ordclarecid>98</ordclarecid><ordname>LICEIDA</ordname><ordrecid>571</ordrecid></vTaxOrder><vTaxOrder><ordclarecid>98</ordclarecid><ordname>LICEIDA</ordname><ordrecid>571</ordrecid></vTaxOrder><vTaxOrder><ordclarecid>98</ordclarecid><ordname>LICEIDA</ordname><ordrecid>571</ordrecid></vTaxOrder><vTaxOrder><ordclarecid>98</ordclarecid><ordname>LICEIDA</ordname><ordrecid>571</ordrecid></vTaxOrder><vTaxOrder><ordclarecid>98</ordclarecid><ordname>LICEIDA</ordname><ordrecid>571</ordrecid></vTaxOrder><vTaxOrder><ordclarecid>98</ordclarecid><ordname>LICEIDA</ordname><ordrecid>571</ordrecid></vTaxOrder><vTaxOrder><ordclarecid>98</ordclarecid><ordname>LICEIDA</ordname><ordrecid>571</ordrecid></vTaxOrder><vTaxOrder><ordclarecid>98</ordclarecid><ordname>LICEIDA</ordname><ordrecid>571</ordrecid></vTaxOrder><vTaxOrder><ordclarecid>98</ordclarecid><ordname>LICEIDA</ordname><ordrecid>571</ordrecid></vTaxOrder><vTaxOrder><ordclarecid>98</ordclarecid><ordname>LICEIDA</ordname><ordrecid>571</ordrecid></vTaxOrder><vTaxOrder><ordclarecid>98</ordclarecid><ordname>LICEIDA</ordname><ordrecid>571</ordrecid></vTaxOrder><vTaxOrder><ordclarecid>98</ordclarecid><ordname>LICEIDA</ordname><ordrecid>571</ordrecid></vTaxOrder><vTaxOrder><ordclarecid>98</ordclarecid><ordname>LICEIDA</ordname><ordrecid>571</ordrecid></vTaxOrder><vTaxOrder><ordclarecid>98</ordclarecid><ordname>LICEIDA</ordname><ordrecid>571</ordrecid></vTaxOrder><vTaxOrder><ordclarecid>98</ordclarecid><ordname>LICEIDA</ordname><ordrecid>571</ordrecid></vTaxOrder><vTaxOrder><ordclarecid>98</ordclarecid><ordname>LICEIDA</ordname><ordrecid>571</ordrecid></vTaxOrder><vTaxOrder><ordclarecid>98</ordclarecid><ordname>LICEIDA</ordname><ordrecid>571</ordrecid></vTaxOrder><vTaxOrder><ordclarecid>98</ordclarecid><ordname>LICEIDA</ordname><ordrecid>571</ordrecid></vTaxOrder><vTaxOrder><ordclarecid>98</ordclarecid><ordname>LICEIDA</ordname><ordrecid>571</ordrecid></vTaxOrder><vTaxOrder><ordclarecid>98</ordclarecid><ordname>LICEIDA</ordname><ordrecid>571</ordrecid></vTaxOrder><vTaxOrder><ordclarecid>98</ordclarecid><ordname>LICEIDA</ordname><ordrecid>571</ordrecid></vTaxOrder><vTaxOrder><ordclarecid>98</ordclarecid><ordname>LICEIDA</ordname><ordrecid>571</ordrecid></vTaxOrder><vTaxOrder><ordclarecid>98</ordclarecid><ordname>LICEIDA</ordname><ordrecid>571</ordrecid></vTaxOrder><vTaxOrder><ordclarecid>98</ordclarecid><ordname>LICEIDA</ordname><ordrecid>571</ordrecid></vTaxOrder><vTaxOrder><ordclarecid>98</ordclarecid><ordname>LICEIDA</ordname><ordrecid>571</ordrecid></vTaxOrder><vTaxOrder><ordclarecid>98</ordclarecid><ordname>LICEIDA</ordname><ordrecid>571</ordrecid></vTaxOrder><vTaxOrder><ordclarecid>98</ordclarecid><ordname>LICEIDA</ordname><ordrecid>571</ordrecid></vTaxOrder><vTaxOrder><ordclarecid>98</ordclarecid><ordname>LICEIDA</ordname><ordrecid>571</ordrecid></vTaxOrder><vTaxOrder><ordclarecid>98</ordclarecid><ordname>LICEIDA</ordname><ordrecid>571</ordrecid></vTaxOrder><vTaxOrder><ordclarecid>98</ordclarecid><ordname>LICEIDA</ordname><ordrecid>571</ordrecid></vTaxOrder><vTaxOrder><ordclarecid>98</ordclarecid><ordname>LICEIDA</ordname><ordrecid>571</ordrecid></vTaxOrder><vTaxOrder><ordclarecid>98</ordclarecid><ordname>LICEIDA</ordname><ordrecid>571</ordrecid></vTaxOrder><vTaxOrder><ordclarecid>98</ordclarecid><ordname>LICEIDA</ordname><ordrecid>571</ordrecid></vTaxOrder><vTaxOrder><ordclarecid>98</ordclarecid><ordname>LICEIDA</ordname><ordrecid>571</ordrecid></vTaxOrder><vTaxOrder><ordclarecid>98</ordclarecid><ordname>LICEIDA</ordname><ordrecid>571</ordrecid></vTaxOrder><vTaxOrder><ordclarecid>98</ordclarecid><ordname>LICEIDA</ordname><ordrecid>571</ordrecid></vTaxOrder><vTaxOrder><ordclarecid>98</ordclarecid><ordname>LICEIDA</ordname><ordrecid>571</ordrecid></vTaxOrder><vTaxOrder><ordclarecid>98</ordclarecid><ordname>LICEIDA</ordname><ordrecid>571</ordrecid></vTaxOrder><vTaxOrder><ordclarecid>98</ordclarecid><ordname>LICEIDA</ordname><ordrecid>571</ordrecid></vTaxOrder><vTaxOrder><ordclarecid>98</ordclarecid><ordname>LICEIDA</ordname><ordrecid>571</ordrecid></vTaxOrder><vTaxOrder><ordclarecid>98</ordclarecid><ordname>LICEIDA</ordname><ordrecid>571</ordrecid></vTaxOrder><vTaxOrder><ordclarecid>98</ordclarecid><ordname>LICEIDA</ordname><ordrecid>571</ordrecid></vTaxOrder><vTaxOrder><ordclarecid>98</ordclarecid><ordname>LICEIDA</ordname><ordrecid>571</ordrecid></vTaxOrder><vTaxOrder><ordclarecid>98</ordclarecid><ordname>LICEIDA</ordname><ordrecid>571</ordrecid></vTaxOrder><vTaxOrder><ordclarecid>98</ordclarecid><ordname>LICEIDA</ordname><ordrecid>571</ordrecid></vTaxOrder><vTaxOrder><ordclarecid>98</ordclarecid><ordname>LICEIDA</ordname><ordrecid>571</ordrecid></vTaxOrder><vTaxOrder><ordclarecid>98</ordclarecid><ordname>LICEIDA</ordname><ordrecid>571</ordrecid></vTaxOrder><vTaxOrder><ordclarecid>98</ordclarecid><ordname>LICEIDA</ordname><ordrecid>571</ordrecid></vTaxOrder><vTaxOrder><ordclarecid>98</ordclarecid><ordname>LICEIDA</ordname><ordrecid>571</ordrecid></vTaxOrder><vTaxOrder><ordclarecid>98</ordclarecid><ordname>LICEIDA</ordname><ordrecid>571</ordrecid></vTaxOrder><vTaxOrder><ordclarecid>98</ordclarecid><ordname>LICEIDA</ordname><ordrecid>571</ordrecid></vTaxOrder><vTaxOrder><ordclarecid>98</ordclarecid><ordname>LICEIDA</ordname><ordrecid>571</ordrecid></vTaxOrder><vTaxOrder><ordclarecid>98</ordclarecid><ordname>LICEIDA</ordname><ordrecid>571</ordrecid></vTaxOrder><vTaxOrder><ordclarecid>98</ordclarecid><ordname>LICEIDA</ordname><ordrecid>571</ordrecid></vTaxOrder><vTaxOrder><ordclarecid>98</ordclarecid><ordname>LICEIDA</ordname><ordrecid>571</ordrecid></vTaxOrder><vTaxOrder><ordclarecid>98</ordclarecid><ordname>LICEIDA</ordname><ordrecid>571</ordrecid></vTaxOrder><vTaxOrder><ordclarecid>98</ordclarecid><ordname>LICEIDA</ordname><ordrecid>571</ordrecid></vTaxOrder><vTaxOrder><ordclarecid>98</ordclarecid><ordname>LICEIDA</ordname><ordrecid>571</ordrecid></vTaxOrder><vTaxOrder><ordclarecid>98</ordclarecid><ordname>LICEIDA</ordname><ordrecid>571</ordrecid></vTaxOrder><vTaxOrder><ordclarecid>98</ordclarecid><ordname>LICEIDA</ordname><ordrecid>571</ordrecid></vTaxOrder><vTaxOrder><ordclarecid>98</ordclarecid><ordname>LICEIDA</ordname><ordrecid>571</ordrecid></vTaxOrder><vTaxOrder><ordclarecid>98</ordclarecid><ordname>LICEIDA</ordname><ordrecid>571</ordrecid></vTaxOrder><vTaxOrder><ordclarecid>98</ordclarecid><ordname>LICEIDA</ordname><ordrecid>571</ordrecid></vTaxOrder><vTaxOrder><ordclarecid>98</ordclarecid><ordname>LICEIDA</ordname><ordrecid>571</ordrecid></vTaxOrder><vTaxOrder><ordclarecid>98</ordclarecid><ordname>LICEIDA</ordname><ordrecid>571</ordrecid></vTaxOrder><vTaxOrder><ordclarecid>98</ordclarecid><ordname>LICEIDA</ordname><ordrecid>571</ordrecid></vTaxOrder><vTaxOrder><ordclarecid>98</ordclarecid><ordname>LICEIDA</ordname><ordrecid>571</ordrecid></vTaxOrder><vTaxOrder><ordclarecid>98</ordclarecid><ordname>LICEIDA</ordname><ordrecid>571</ordrecid></vTaxOrder><vTaxOrder><ordclarecid>98</ordclarecid><ordname>LICEIDA</ordname><ordrecid>571</ordrecid></vTaxOrder><vTaxOrder><ordclarecid>98</ordclarecid><ordname>LICEIDA</ordname><ordrecid>571</ordrecid></vTaxOrder><vTaxOrder><ordclarecid>98</ordclarecid><ordname>LICEIDA</ordname><ordrecid>571</ordrecid></vTaxOrder><vTaxOrder><ordclarecid>98</ordclarecid><ordname>LICEIDA</ordname><ordrecid>571</ordrecid></vTaxOrder><vTaxOrder><ordclarecid>98</ordclarecid><ordname>LICEIDA</ordname><ordrecid>571</ordrecid></vTaxOrder><vTaxOrder><ordclarecid>98</ordclarecid><ordname>LICEIDA</ordname><ordrecid>571</ordrecid></vTaxOrder><vTaxOrder><ordclarecid>98</ordclarecid><ordname>LICEIDA</ordname><ordrecid>571</ordrecid></vTaxOrder><vTaxOrder><ordclarecid>98</ordclarecid><ordname>LICEIDA</ordname><ordrecid>571</ordrecid></vTaxOrder><vTaxOrder><ordclarecid>98</ordclarecid><ordname>LICEIDA</ordname><ordrecid>571</ordrecid></vTaxOrder><vTaxOrder><ordclarecid>98</ordclarecid><ordname>LICEIDA</ordname><ordrecid>571</ordrecid></vTaxOrder><vTaxOrder><ordclarecid>98</ordclarecid><ordname>LICEIDA</ordname><ordrecid>571</ordrecid></vTaxOrder><vTaxOrder><ordclarecid>98</ordclarecid><ordname>LICEIDA</ordname><ordrecid>571</ordrecid></vTaxOrder><vTaxOrder><ordclarecid>98</ordclarecid><ordname>LICEIDA</ordname><ordrecid>571</ordrecid></vTaxOrder><vTaxOrder><ordclarecid>98</ordclarecid><ordname>LICEIDA</ordname><ordrecid>571</ordrecid></vTaxOrder><vTaxOrder><ordclarecid>98</ordclarecid><ordname>LICEIDA</ordname><ordrecid>571</ordrecid></vTaxOrder><vTaxOrder><ordclarecid>98</ordclarecid><ordname>LICEIDA</ordname><ordrecid>571</ordrecid></vTaxOrder><vTaxOrder><ordclarecid>98</ordclarecid><ordname>LICEIDA</ordname><ordrecid>571</ordrecid></vTaxOrder><vTaxOrder><ordclarecid>98</ordclarecid><ordname>LICEIDA</ordname><ordrecid>571</ordrecid></vTaxOrder><vTaxOrder><ordclarecid>98</ordclarecid><ordname>LICEIDA</ordname><ordrecid>571</ordrecid></vTaxOrder><vTaxOrder><ordclarecid>98</ordclarecid><ordname>LICEIDA</ordname><ordrecid>571</ordrecid></vTaxOrder><vTaxOrder><ordclarecid>98</ordclarecid><ordname>LICEIDA</ordname><ordrecid>571</ordrecid></vTaxOrder><vTaxOrder><ordclarecid>98</ordclarecid><ordname>LICEIDA</ordname><ordrecid>571</ordrecid></vTaxOrder><vTaxOrder><ordclarecid>98</ordclarecid><ordname>LICEIDA</ordname><ordrecid>571</ordrecid></vTaxOrder><vTaxOrder><ordclarecid>98</ordclarecid><ordname>LICEIDA</ordname><ordrecid>571</ordrecid></vTaxOrder><vTaxOrder><ordclarecid>98</ordclarecid><ordname>LICEIDA</ordname><ordrecid>571</ordrecid></vTaxOrder><vTaxOrder><ordclarecid>98</ordclarecid><ordname>LICEIDA</ordname><ordrecid>571</ordrecid></vTaxOrder><vTaxOrder><ordclarecid>98</ordclarecid><ordname>LICEIDA</ordname><ordrecid>571</ordrecid></vTaxOrder><vTaxOrder><ordclarecid>98</ordclarecid><ordname>LICEIDA</ordname><ordrecid>571</ordrecid></vTaxOrder><vTaxOrder><ordclarecid>98</ordclarecid><ordname>LICEIDA</ordname><ordrecid>571</ordrecid></vTaxOrder><vTaxOrder><ordclarecid>98</ordclarecid><ordname>LICEIDA</ordname><ordrecid>571</ordrecid></vTaxOrder><vTaxOrder><ordclarecid>98</ordclarecid><ordname>LICEIDA</ordname><ordrecid>571</ordrecid></vTaxOrder><vTaxOrder><ordclarecid>98</ordclarecid><ordname>LICEIDA</ordname><ordrecid>571</ordrecid></vTaxOrder><vTaxOrder><ordclarecid>98</ordclarecid><ordname>LICEIDA</ordname><ordrecid>571</ordrecid></vTaxOrder><vTaxOrder><ordclarecid>98</ordclarecid><ordname>LICEIDA</ordname><ordrecid>571</ordrecid></vTaxOrder><vTaxOrder><ordclarecid>98</ordclarecid><ordname>LICEIDA</ordname><ordrecid>571</ordrecid></vTaxOrder><vTaxOrder><ordclarecid>98</ordclarecid><ordname>LICEIDA</ordname><ordrecid>571</ordrecid></vTaxOrder><vTaxOrder><ordclarecid>98</ordclarecid><ordname>LICEIDA</ordname><ordrecid>571</ordrecid></vTaxOrder><vTaxOrder><ordclarecid>98</ordclarecid><ordname>LICEIDA</ordname><ordrecid>571</ordrecid></vTaxOrder><vTaxOrder><ordclarecid>98</ordclarecid><ordname>LICEIDA</ordname><ordrecid>571</ordrecid></vTaxOrder><vTaxOrder><ordclarecid>98</ordclarecid><ordname>LICEIDA</ordname><ordrecid>571</ordrecid></vTaxOrder><vTaxOrder><ordclarecid>98</ordclarecid><ordname>LICEIDA</ordname><ordrecid>571</ordrecid></vTaxOrder><vTaxOrder><ordclarecid>98</ordclarecid><ordname>LICEIDA</ordname><ordrecid>571</ordrecid></vTaxOrder><vTaxOrder><ordclarecid>98</ordclarecid><ordname>LICEIDA</ordname><ordrecid>571</ordrecid></vTaxOrder><vTaxOrder><ordclarecid>98</ordclarecid><ordname>LICEIDA</ordname><ordrecid>571</ordrecid></vTaxOrder><vTaxOrder><ordclarecid>98</ordclarecid><ordname>LICEIDA</ordname><ordrecid>571</ordrecid></vTaxOrder><vTaxOrder><ordclarecid>98</ordclarecid><ordname>LICEIDA</ordname><ordrecid>571</ordrecid></vTaxOrder><vTaxOrder><ordclarecid>98</ordclarecid><ordname>LICEIDA</ordname><ordrecid>571</ordrecid></vTaxOrder><vTaxOrder><ordclarecid>98</ordclarecid><ordname>LICEIDA</ordname><ordrecid>571</ordrecid></vTaxOrder><vTaxOrder><ordclarecid>98</ordclarecid><ordname>LICEIDA</ordname><ordrecid>571</ordrecid></vTaxOrder><vTaxOrder><ordclarecid>98</ordclarecid><ordname>LICEIDA</ordname><ordrecid>571</ordrecid></vTaxOrder><vTaxOrder><ordclarecid>98</ordclarecid><ordname>LICEIDA</ordname><ordrecid>571</ordrecid></vTaxOrder><vTaxOrder><ordclarecid>98</ordclarecid><ordname>LICEIDA</ordname><ordrecid>571</ordrecid></vTaxOrder><vTaxOrder><ordclarecid>98</ordclarecid><ordname>LICEIDA</ordname><ordrecid>571</ordrecid></vTaxOrder><vTaxOrder><ordclarecid>98</ordclarecid><ordname>LICEIDA</ordname><ordrecid>571</ordrecid></vTaxOrder><vTaxOrder><ordclarecid>98</ordclarecid><ordname>LICEIDA</ordname><ordrecid>571</ordrecid></vTaxOrder></root>
